studentID,interaction,numInteractionCurr,numInteractionTotal,representation,direction,proofDir,action,rule,numAction1Curr,numAction2Curr,numAction3Curr,numAction4Curr,numAction5Curr,numAction6Curr,numAction7Curr,numAction8Curr,numAction9Curr,numAction10Curr,numAction1Total,numAction2Total,numAction3Total,numAction4Total,numAction5Total,numAction6Total,numAction7Total,numAction8Total,numAction9Total,numAction10Total,currPrb,hintType,hintGiven,isForced,hintCount,stepTime,elTime,numProblemsCompleted,PPType,numAttempts,hintFollow
afalfais,235,3,9,1,0,0,10,,0,0,0,0,0,0,0,0,0,3,1,0,1,0,0,0,0,0,0,7,1.0.4.0,2,Try to derive -L working forward.,1,1,16.674,17.868,0,0,4,0
afalfais,245,4,10,0,0,0,10,,0,0,0,0,0,0,0,0,0,4,1,0,1,0,0,0,0,0,0,8,1.0.4.0,2,Try to derive -L working forward.,1,1,29.822,47.69,0,0,4,0
afalfais,69,24,24,0,0,0,7,get,7,6,4,0,1,0,6,0,0,0,7,6,4,0,1,0,6,0,0,0,1.0.1.0,2,Try to derive A working forward.,0,1,4.164999999999964,387.979,0,0,0,1
afalfais,76,29,29,0,0,0,7,get,8,6,5,0,1,0,9,0,0,0,8,6,5,0,1,0,9,0,0,0,1.0.1.0,2,Try to derive B*C working forward.,0,1,2.6510000000000105,427.607,0,0,0,1
afalfais,86,35,35,0,0,0,7,get,9,6,6,0,1,0,13,0,0,0,9,6,6,0,1,0,13,0,0,0,1.0.1.0,2,Try to derive B working forward.,0,1,2.100999999999999,462.595,0,0,0,1
afalfais,99,1,1,0,0,0,1,(B*(S+L)),1,0,0,0,0,0,0,0,0,0,1,0,0,0,0,0,0,0,0,0,1.0.2.0,2,Try to derive -L working forward.,1,1,20.456,20.456,1,0,0,1
afalfais,115,12,12,0,0,0,7,get,2,1,3,0,0,0,6,0,0,0,2,1,3,0,0,0,6,0,0,0,1.0.2.0,2,Try to derive S+L working forward.,0,1,2.4350000000000023,71.177,1,0,0,0
afalfais,193,2,35,0,0,0,1,(B*(S+L)),1,0,0,0,0,0,0,0,0,1,8,2,13,0,0,0,10,0,0,2,1.0.2.0,2,Try to derive -L working forward.,1,1,4.743,10.893,1,0,2,1
afalfais,200,8,41,0,0,0,7,get,2,1,1,0,0,0,3,0,0,1,9,3,14,0,0,0,13,0,0,2,1.0.2.0,2,Try to derive S+L working forward.,0,1,4.061999999999998,29.633,1,0,2,0
afalfais,239,2,55,1,0,0,7,get,0,0,0,0,0,0,1,0,0,1,10,3,17,0,0,0,17,0,0,8,1.0.2.0,2,Try to derive -L working forward.,0,1,3.0020000000000002,5.897,1,0,7,1
afalfais,246,7,60,0,0,0,7,get,1,0,1,0,0,0,4,0,0,1,11,3,18,0,0,0,20,0,0,8,1.0.2.0,2,Try to derive S+L working forward.,0,1,5.065000000000005,43.066,1,0,7,0
afalfais,265,16,69,0,0,0,7,get,2,0,3,0,1,0,9,0,0,1,12,3,20,0,1,0,25,0,0,8,1.0.2.0,2,Try to derive S+L working forward.,0,1,6.152999999999992,158.398,1,0,7,0
afalfais,258,7,96,0,0,0,7,get,1,0,2,0,0,0,4,0,0,0,20,4,27,0,1,0,36,0,0,8,1.0.2.0,2,Try to derive S+L working forward.,0,1,2.6570000000000107,73.534,1,0,8,0
afalfais,252,6,108,0,0,0,7,get,1,0,1,0,0,0,4,0,0,0,24,4,28,0,1,0,43,0,0,8,1.0.2.0,2,Try to derive S+L working forward.,0,1,7.996000000000002,62.903,1,0,9,0
afalfais,322,1,165,0,0,0,7,get,0,0,0,0,0,0,1,0,0,0,40,9,36,0,3,0,58,8,1,10,1.0.2.0,2,Try to derive -L working forward.,0,1,4.116,4.116,1,0,17,1
afalfais,331,1,175,0,0,0,7,get,0,0,0,0,0,0,1,0,0,0,42,9,37,0,3,0,65,8,1,10,1.0.2.0,2,Try to derive S+L working forward.,0,1,16.312,16.312,1,0,20,0
afalfais,339,5,179,0,0,0,7,get,0,0,2,0,1,0,2,0,0,0,42,9,39,0,4,0,66,8,1,10,1.0.2.0,2,Try to derive S+L working forward.,0,1,2.659000000000006,49.514,1,0,20,0
afalfais,323,2,189,0,0,0,7,get,1,0,0,0,0,0,1,0,0,0,44,9,41,0,4,0,72,8,1,10,1.0.2.0,2,Try to derive -L working forward.,0,1,1.186,3.89,1,0,21,1
afalfais,338,12,199,0,0,0,3,Simp,4,2,3,0,0,0,3,0,0,0,47,11,44,0,4,0,74,8,1,10,1.0.2.0,2,Try to derive S+L working forward.,1,1,14.476000000000003,34.905,1,0,21,0
afalfais,342,14,201,0,0,0,1,B,5,2,3,0,1,0,3,0,0,0,48,11,44,0,5,0,74,8,1,10,1.0.2.0,2,Try to derive S+L working forward.,1,1,10.882000000000005,48.462,1,0,21,0
afalfais,327,3,242,0,0,0,3,Dist,1,0,2,0,0,0,0,0,0,0,58,13,69,0,5,2,76,8,1,10,1.0.2.0,2,Try to derive -L working forward.,1,0,5.366999999999999,14.17,1,0,22,1
afalfais,380,2,265,0,0,0,7,get,0,0,0,0,0,0,1,0,1,0,63,16,80,0,5,2,77,8,4,10,1.0.2.0,2,Try to derive -L working forward.,0,1,1.001,1.401,1,0,25,1
afalfais,388,7,270,0,0,0,7,get,1,0,1,0,0,0,4,0,1,0,64,16,81,0,5,2,80,8,4,10,1.0.2.0,2,Try to derive S+L working forward.,0,1,1.697000000000001,14.352,1,0,25,1
afalfais,395,14,277,0,0,0,7,get,2,0,2,0,1,0,8,0,1,0,65,16,82,0,6,2,84,8,4,10,1.0.2.0,2,Try to derive S working forward.,0,1,3.721,33.747,1,0,25,1
afalfais,467,1,1,0,0,0,7,get,0,0,0,0,0,0,1,0,0,0,0,0,0,0,0,0,1,0,0,0,6.1.1.0,2,Try to derive -S>B working forward.,0,1,6.259,6.259,3,39,0,1
afalfais,472,6,6,0,0,0,7,get,1,0,1,0,0,0,4,0,0,0,1,0,1,0,0,0,4,0,0,0,6.1.1.0,2,Try to derive -B>--S working forward.,0,1,5.602999999999998,23.926,3,39,0,1
afalfais,478,12,12,0,0,0,7,get,2,0,2,0,0,0,8,0,0,0,2,0,2,0,0,0,8,0,0,0,6.1.1.0,2,Try to derive -B>S working forward.,0,1,2.960000000000001,39.924,3,39,0,1
afalfais,485,19,19,0,0,0,7,get,3,0,3,0,1,0,12,0,0,0,3,0,3,0,1,0,12,0,0,0,6.1.1.0,2,Try to derive -D>-B working forward.,0,1,7.202000000000005,62.923,3,39,0,1
afalfais,491,25,25,0,0,0,7,get,4,0,4,0,1,0,16,0,0,0,4,0,4,0,1,0,16,0,0,0,6.1.1.0,2,Try to derive -D>-S working forward.,0,1,3.7680000000000007,83.004,3,39,0,0
afalfais,427,1,1,0,0,0,1,((A>-B)+C),1,0,0,0,0,0,0,0,0,0,1,0,0,0,0,0,0,0,0,0,5.1.1.0,2,Try to derive A>-B working forward.,1,1,20.988,20.988,4,0,0,1
afalfais,433,6,6,0,0,0,7,get,2,0,1,0,0,0,3,0,0,0,2,0,1,0,0,0,3,0,0,0,5.1.1.0,2,Try to derive -D>B working forward.,0,1,4.063000000000002,65.988,4,0,0,1
afalfais,438,11,11,0,0,0,7,get,3,0,2,0,0,0,6,0,0,0,3,0,2,0,0,0,6,0,0,0,5.1.1.0,2,Try to derive --B>-A working forward.,0,1,1.6370000000000005,77.312,4,0,0,1
afalfais,444,16,16,0,0,0,7,get,4,0,3,0,0,0,9,0,0,0,4,0,3,0,0,0,9,0,0,0,5.1.1.0,2,Try to derive B>-A working forward.,0,1,2.434999999999988,96.228,4,0,0,1
afalfais,453,24,24,0,0,0,7,get,5,0,5,0,1,0,13,0,0,0,5,0,5,0,1,0,13,0,0,0,5.1.1.0,2,Try to derive -D>-A working forward.,0,1,2.39200000000001,129.282,4,0,0,1
cnray2,88,1,6,0,0,0,1,(-D*E),1,0,0,0,0,0,0,0,0,0,1,0,0,0,0,0,4,0,1,0,1.0.1.0,2,Try to derive -D working forward.,1,1,15.578,15.578,1,0,1,1
cnray2,92,4,9,0,0,0,1,(A+D),2,0,1,0,1,0,0,0,0,0,2,0,1,0,1,0,4,0,1,0,1.0.1.0,2,Try to derive A working forward.,1,1,14.016000000000002,35.567,1,0,1,1
cnray2,208,5,5,0,0,0,1,(J>Z),2,0,1,0,1,0,1,0,0,0,2,0,1,0,1,0,1,0,0,0,3.-1.1.0,2,Try to derive -J working forward.,1,1,10.609000000000002,43.887,5,2,0,1
cnray2,211,7,7,0,0,0,1,(K+J),3,0,2,0,1,0,1,0,0,0,3,0,2,0,1,0,1,0,0,0,3.-1.1.0,2,Try to derive K working forward.,1,1,19.936,65.053,5,2,0,1
dauchman,1922,1,1,0,0,0,7,get,0,0,0,0,0,0,1,0,0,0,0,0,0,0,0,0,1,0,0,0,6.1.1.0,2,Try to derive -S>B working forward.,0,1,3.812,3.812,4,-1,0,1
dauchman,1927,6,6,0,0,0,7,get,1,0,1,0,0,0,4,0,0,0,1,0,1,0,0,0,4,0,0,0,6.1.1.0,2,Try to derive -B>--S working forward.,0,1,1.6020000000000003,11.964,4,-1,0,1
dauchman,1932,11,11,0,0,0,7,get,2,0,2,0,0,0,7,0,0,0,2,0,2,0,0,0,7,0,0,0,6.1.1.0,2,Try to derive -B>S working forward.,0,1,1.8200000000000003,19.762,4,-1,0,1
dauchman,1942,19,19,0,0,0,7,get,3,0,4,0,1,0,11,0,0,0,3,0,4,0,1,0,11,0,0,0,6.1.1.0,2,Try to derive -D>-B working forward.,0,1,2.3190000000000026,41.558,4,-1,0,1
dauchman,1951,25,25,0,0,0,7,get,5,0,5,0,1,0,14,0,0,0,5,0,5,0,1,0,14,0,0,0,6.1.1.0,2,Try to derive -D>-S working forward.,0,1,1.3070000000000022,59.688,4,-1,0,0
dauchman,1985,52,52,0,0,0,7,get,16,3,8,0,1,3,21,0,0,0,16,3,8,0,1,3,21,0,0,0,6.1.1.0,2,Try to derive -D>-S working forward.,0,1,1.0080000000000098,139.608,4,-1,0,0
dauchman,1813,1,2,0,0,0,7,get,0,0,0,0,0,0,1,0,0,0,0,0,0,0,0,0,1,0,0,1,5.-1.3.0,2,Try to derive -F working forward.,0,1,4.271,4.271,7,6,1,1
dauchman,1819,6,7,0,0,0,7,get,0,0,1,0,1,0,4,0,0,0,0,0,1,0,1,0,4,0,0,1,5.-1.3.0,2,Try to derive -Y working forward.,0,1,4.114000000000001,19.007,7,6,1,1
dauchman,1822,9,10,0,0,0,7,get,1,0,2,0,1,0,5,0,0,0,1,0,2,0,1,0,5,0,0,1,5.-1.3.0,2,Try to derive -Y working forward.,0,1,4.125,27.868,7,6,1,1
dauchman,1858,29,30,0,0,0,7,get,5,3,4,0,1,0,16,0,0,0,5,3,4,0,1,0,16,0,0,1,5.-1.3.0,2,Try to derive -Y working forward.,0,1,12.266999999999996,93.313,7,6,1,1
dauchman,27,4,4,0,0,0,3,MT,2,0,2,0,0,0,0,0,0,0,2,0,2,0,0,0,0,0,0,0,1.0.2.0,2,Try to derive S+L working forward.,1,1,2.195999999999998,62.323,10,0,0,0
dauchman,106,5,25,0,0,0,7,get,1,0,1,0,0,0,2,0,1,0,7,3,11,0,0,0,2,0,2,0,1.0.2.0,2,Try to derive S+L working forward.,0,1,1.639000000000003,24.042,10,0,1,0
dauchman,334,75,95,0,0,0,7,get,14,3,45,0,0,4,8,0,1,0,20,6,55,0,0,4,8,0,2,0,1.0.2.0,2,Try to derive S+L working forward.,0,1,2.313000000000045,477.362,10,0,1,0
dauchman,357,1,97,0,0,0,7,get,0,0,0,0,0,0,1,0,0,0,20,6,55,0,0,4,9,0,2,1,1.0.2.0,2,Try to derive -L working forward.,0,1,3.064,3.064,10,0,3,1
dauchman,363,1,99,0,0,0,7,get,0,0,0,0,0,0,1,0,0,0,20,6,55,0,0,4,10,0,2,2,1.0.2.0,2,Try to derive -L working forward.,0,1,3.196,3.196,10,0,4,1
dauchman,373,8,106,0,0,0,7,get,3,0,2,0,0,1,2,0,0,0,23,6,57,0,0,5,11,0,2,2,1.0.2.0,2,Try to derive S+L working forward.,0,1,1.0150000000000006,23.348,10,0,4,0
dauchman,401,6,116,0,0,0,3,Impl,2,0,2,0,0,0,0,2,0,0,25,6,59,0,0,5,11,6,2,2,1.0.2.0,2,Try to derive S+L working forward.,1,0,1.8659999999999997,62.938,10,0,6,0
dauchman,605,2,133,0,0,0,1,(-U>-L),1,0,0,0,0,0,0,0,0,1,28,7,63,0,0,5,18,6,2,4,1.0.2.0,2,Try to derive -L working forward.,1,1,1809.888,1812.53,10,0,7,0
dauchman,694,14,166,0,0,0,7,get,1,0,1,0,0,0,11,0,0,1,33,8,78,0,0,5,29,6,2,5,1.0.2.0,2,Try to derive S+L working forward.,0,1,1.7410000000000139,133.298,10,0,8,1
dauchman,703,22,174,0,0,0,7,get,2,0,3,0,1,0,15,0,0,1,34,8,80,0,1,5,33,6,2,5,1.0.2.0,2,Try to derive S working forward.,0,1,2.6100000000000136,168.062,10,0,8,1
dauchman,2045,1,2,0,0,0,7,get,0,0,0,0,0,0,1,0,0,0,0,0,0,0,0,0,1,0,0,1,6.-1.3.0,2,Try to derive (Y>P)*(P>Y) working forward.,0,1,3.49,3.49,11,-1,1,1
dauchman,2055,11,12,0,0,0,7,get,3,1,1,0,0,1,5,0,0,0,3,1,1,0,0,1,5,0,0,1,6.-1.3.0,2,Try to derive (Y>P)*(P>Y) working forward.,0,1,1.4080000000000013,25.614,11,-1,1,1
dauchman,2066,1,2,0,0,0,7,get,0,0,0,0,0,0,1,0,0,0,0,0,0,0,0,0,1,0,0,1,6.-1.3.1,2,Try to derive (C>-J)*(-J>C) working forward.,0,1,8.555,8.555,11,-1,1,1
cchillen,955,2,2,0,0,0,3,DN,0,0,1,0,0,0,0,0,0,1,0,0,1,0,0,0,0,0,0,1,5.-1.3.0,2,Try to derive -F working forward.,1,1,10.543,14.99,4,11,0,1
cchillen,965,9,9,0,0,0,1,(Y>F),4,1,2,0,1,0,0,0,0,1,4,1,2,0,1,0,0,0,0,1,5.-1.3.0,2,Try to derive -Y working forward.,1,1,4.698,38.241,4,11,0,0
cchillen,459,1,1,0,0,0,1,((A>-B)+C),1,0,0,0,0,0,0,0,0,0,1,0,0,0,0,0,0,0,0,0,5.1.1.0,2,Try to derive A>-B working forward.,1,1,32.968,32.968,6,11,0,1
cchillen,465,6,6,0,0,0,1,(A>-B),4,1,1,0,0,0,0,0,0,0,4,1,1,0,0,0,0,0,0,0,5.1.1.0,2,Try to derive -D>B working forward.,1,1,20.53,65.664,6,11,0,1
cchillen,1084,1,1,0,0,0,1,(-P=-C),1,0,0,0,0,0,0,0,0,0,1,0,0,0,0,0,0,0,0,0,6.-1.3.0,2,Try to derive (Y>P)*(P>Y) working forward.,1,1,334.174,334.174,10,7,0,1
gtstewar,1249,1,1,0,0,0,1,(J>Z),1,0,0,0,0,0,0,0,0,0,1,0,0,0,0,0,0,0,0,0,3.-1.1.0,2,Try to derive -Z working forward.,1,1,37.29,37.29,2,5,0,1
gtstewar,1966,1,1,0,0,0,7,get,0,0,0,0,0,0,1,0,0,0,0,0,0,0,0,0,1,0,0,0,6.-1.2.0,2,Try to derive H working forward.,0,1,4.659,4.659,10,29,0,1
gtstewar,1971,6,6,0,0,0,7,get,2,0,1,0,0,0,3,0,0,0,2,0,1,0,0,0,3,0,0,0,6.-1.2.0,2,Try to derive H+F working forward.,0,1,4.579000000000001,22.161,10,29,0,1
gtstewar,1976,11,11,0,0,0,7,get,3,0,2,0,1,0,5,0,0,0,3,0,2,0,1,0,5,0,0,0,6.-1.2.0,2,Try to derive --H+F working forward.,0,1,4.204999999999998,40.351,10,29,0,1
gtstewar,1982,17,17,0,0,0,7,get,4,0,3,0,2,0,8,0,0,0,4,0,3,0,2,0,8,0,0,0,6.-1.2.0,2,Try to derive --H+--F working forward.,0,1,1.8879999999999981,56.549,10,29,0,1
gtstewar,1989,24,24,0,0,0,7,get,5,0,4,0,3,0,12,0,0,0,5,0,4,0,3,0,12,0,0,0,6.-1.2.0,2,Try to derive -(-H*-F) working forward.,0,1,2.787000000000006,89.543,10,29,0,0
gtstewar,2008,1,1,0,0,0,1,(Y=P),1,0,0,0,0,0,0,0,0,0,1,0,0,0,0,0,0,0,0,0,6.-1.3.0,2,Try to derive (Y>P)*(P>Y) working forward.,1,1,54.283,54.283,11,29,0,1
gtstewar,2036,1,2,0,0,0,1,(C=-J),1,0,0,0,0,0,0,0,0,0,1,0,0,0,0,0,0,0,0,1,6.-1.3.1,2,Try to derive (C>-J)*(-J>C) working forward.,1,1,14.357,14.357,11,29,1,1
gtstewar,189,1,1,0,0,0,1,((W+-R)*N),1,0,0,0,0,0,0,0,0,0,1,0,0,0,0,0,0,0,0,0,1.0.3.0,2,Try to derive G+Z working forward.,1,1,40.002,40.002,13,0,0,1
gtstewar,235,1,25,0,0,0,7,get,0,0,0,0,0,0,1,0,0,0,6,3,11,0,1,0,3,0,1,0,1.0.3.0,2,Try to derive G+Z working forward.,0,1,3.517,3.517,13,0,1,1
gtstewar,314,1,62,0,0,0,7,get,0,0,0,0,0,0,1,0,0,0,17,11,22,0,2,0,5,2,3,0,1.0.3.0,2,Try to derive G+Z working forward.,0,1,6.139,6.139,13,0,4,1
gtstewar,398,46,107,0,0,0,7,get,11,8,16,0,1,0,10,0,0,0,28,19,38,0,3,0,14,2,3,0,1.0.3.0,2,Try to derive -W working forward.,0,1,4.836999999999989,657.25,13,0,4,1
gtstewar,115,25,25,0,0,0,7,get,6,4,8,0,1,0,6,0,0,0,6,4,8,0,1,0,6,0,0,0,1.0.1.0,2,Try to derive A working forward.,0,1,15.569999999999709,4398.37,15,0,0,1
gtstewar,127,2,35,0,0,0,1,(-D*E),1,0,0,0,0,0,0,0,1,0,7,4,8,0,1,0,13,0,2,0,1.0.1.0,2,Try to derive -D working forward.,1,1,1933.77,1934.94,15,0,1,1
gtstewar,152,20,53,0,0,0,1,(A+D),6,3,5,0,2,0,3,0,1,0,12,7,13,0,3,0,16,0,2,0,1.0.1.0,2,Try to derive A working forward.,1,1,54.19000000000051,5522.63,15,0,1,1
gtstewar,155,22,55,0,0,0,1,(A>(B*C)),7,3,6,0,2,0,3,0,1,0,13,7,14,0,3,0,16,0,2,0,1.0.1.0,2,Try to derive B*C working forward.,1,1,14.649999999999636,5549.19,15,0,1,1
gtstewar,167,32,65,0,0,0,7,get,10,5,9,0,2,0,5,0,1,0,16,9,17,0,3,0,18,0,2,0,1.0.1.0,2,Try to derive C working forward.,0,1,13.260000000000218,5645.31,15,0,1,0
wgtolone,366,3,3,0,0,0,3,DS,2,0,1,0,0,0,0,0,0,0,2,0,1,0,0,0,0,0,0,0,5.1.1.0,2,Try to derive A>-B working forward.,1,0,2.434000000000001,11.913,4,6,0,1
wgtolone,369,6,6,0,0,0,1,(D+B),4,1,1,0,0,0,0,0,0,0,4,1,1,0,0,0,0,0,0,0,5.1.1.0,2,Try to derive -D>B working forward.,1,1,4.132999999999999,22.671,4,6,0,1
wgtolone,62,1,1,0,0,0,1,(-I*J),1,0,0,0,0,0,0,0,0,0,1,0,0,0,0,0,0,0,0,0,2.-1.1.0,2,Try to derive -I working forward.,1,1,19.518,19.518,5,7,0,1
wgtolone,7,4,4,0,0,0,3,DS,1,0,2,0,1,0,0,0,0,0,1,0,2,0,1,0,0,0,0,0,1.0.1.0,2,Try to derive A working forward.,1,0,84.663,116.553,8,0,0,1
wgtolone,486,1,1,0,0,0,1,(-Y>-C),1,0,0,0,0,0,0,0,0,0,1,0,0,0,0,0,0,0,0,0,6.-1.3.0,2,Try to derive (Y>P)*(P>Y) working forward.,1,1,6.684,6.684,10,29,0,1
wgtolone,193,4,4,0,0,0,3,Simp,2,1,1,0,0,0,0,0,0,0,2,1,1,0,0,0,0,0,0,0,4.1.2.0,2,Try to derive Z working forward.,1,1,1.4740000000000002,20.42,13,1,0,1
wgtolone,200,10,10,0,0,0,1,(Z*-W),5,2,2,0,1,0,0,0,0,0,5,2,2,0,1,0,0,0,0,0,4.1.2.0,2,Try to derive Z working forward.,1,1,29.114000000000004,67.266,13,1,0,1
wgtolone,215,23,23,0,0,0,3,Impl,11,2,7,0,3,0,0,0,0,0,11,2,7,0,3,0,0,0,0,0,4.1.2.0,2,Try to derive -X>--Y working forward.,1,1,5.790000000000006,130.857,13,1,0,0
wgtolone,234,10,36,0,0,0,3,Com,4,0,5,0,1,0,0,0,0,0,16,2,12,0,5,0,0,0,1,0,4.1.2.0,2,Try to derive --Y+X working forward.,1,0,29.756999999999998,93.583,13,1,1,0
cgtacker,148,2,57,0,0,0,3,Add,1,0,1,0,0,0,0,0,0,0,20,17,16,0,0,0,0,0,4,0,1.0.3.0,2,Try to derive G+Z working forward.,1,1,1.4270000000000014,12.492,0,0,3,1
cgtacker,311,1,1,0,0,0,1,(K+J),1,0,0,0,0,0,0,0,0,0,1,0,0,0,0,0,0,0,0,0,3.-1.1.0,2,Try to derive -Z working forward.,1,1,39.35,39.35,6,2,0,0
cgtacker,1096,1,1,0,0,0,1,(B>D),1,0,0,0,0,0,0,0,0,0,1,0,0,0,0,0,0,0,0,0,6.1.1.0,2,Try to derive -S>B working forward.,1,1,36.084,36.084,8,10,0,0
ccyu,1071,2,2,0,0,0,1,(-B*-F),1,0,0,0,0,0,0,0,0,1,1,0,0,0,0,0,0,0,0,1,4.-1.2.1,2,Try to derive -B working forward.,1,1,49.968,51.298,7,2,0,1
ccyu,2,1,1,0,0,0,1,(-D*E),1,0,0,0,0,0,0,0,0,0,1,0,0,0,0,0,0,0,0,0,1.0.1.0,2,Try to derive -D working forward.,1,1,25.938,25.938,11,0,0,1
ccyu,767,6,6,0,0,0,1,auto,4,0,1,0,1,0,0,0,0,0,4,0,1,0,1,0,0,0,0,0,4.1.2.0,2,Try to derive -W working forward.,1,1,16.278999999999996,73.61,12,2,0,1
ccyu,779,14,14,0,0,0,3,MT,6,2,4,0,2,0,0,0,0,0,6,2,4,0,2,0,0,0,0,0,4.1.2.0,2,Try to derive -Y>X working forward.,1,1,8.873000000000005,95.19,12,2,0,1
hrpoe,214,1,3,0,0,0,1,(K+J),1,0,0,0,0,0,0,0,0,0,1,0,0,0,0,0,0,2,0,0,3.-1.1.0,2,Try to derive -Z working forward.,1,1,12.727,12.727,1,2,2,1
hrpoe,611,1,1,0,0,0,1,(-N+J),1,0,0,0,0,0,0,0,0,0,1,0,0,0,0,0,0,0,0,0,6.1.2.0,2,Try to derive J+-N working forward.,1,1,100.455,100.455,2,-1,0,1
hrpoe,698,8,49,0,0,0,7,get,1,0,2,0,0,0,5,0,0,0,4,3,35,0,0,0,6,0,1,0,6.1.2.0,2,Try to derive --J+-N working forward.,0,1,4.6129999999999995,25.373,2,-1,2,1
hrpoe,688,1,84,0,0,0,7,get,0,0,0,0,0,0,1,0,0,0,5,3,63,0,0,0,12,0,1,0,6.1.2.0,2,Try to derive J+-N working forward.,0,1,2.452,2.452,2,0,3,1
hrpoe,694,7,90,0,0,0,7,get,1,0,1,0,0,0,5,0,0,0,6,3,64,0,0,0,16,0,1,0,6.1.2.0,2,Try to derive --J+-N working forward.,0,1,1.75,12.318,2,0,3,1
hrpoe,703,15,98,0,0,0,7,get,2,0,2,0,1,0,10,0,0,0,7,3,65,0,1,0,21,0,1,0,6.1.2.0,2,Try to derive -J>-N working forward.,0,1,4.711000000000002,29.111,2,0,3,1
hrpoe,712,23,106,0,0,0,7,get,3,0,3,0,2,0,15,0,0,0,8,3,66,0,2,0,26,0,1,0,6.1.2.0,2,Try to derive (B>-J)*(-J>B) working forward.,0,1,1.9120000000000061,71.759,2,0,3,1
hrpoe,471,2,2,0,0,0,1,((A>-B)+C),2,0,0,0,0,0,0,0,0,0,2,0,0,0,0,0,0,0,0,0,5.1.1.0,2,Try to derive A>-B working forward.,1,1,0.5739999999999998,10.78,5,6,0,1
hrpoe,512,27,27,0,0,0,3,HS,13,4,8,0,1,1,0,0,0,0,13,4,8,0,1,1,0,0,0,0,5.1.1.0,2,Try to derive -D>-A working forward.,1,0,9.147999999999996,228.138,5,6,0,1
hrpoe,66,16,16,0,0,0,3,MP,6,3,6,0,1,0,0,0,0,0,6,3,6,0,1,0,0,0,0,0,1.0.3.0,2,Try to derive -W working forward.,1,0,26.579000000000008,346.175,8,0,0,1
tmsmiley,290,8,8,0,0,0,2,((-T*S)>-R),3,2,2,0,1,0,0,0,0,0,3,2,2,0,1,0,0,0,0,0,2.1.1.0,2,Try to derive -Q working forward.,1,1,19.306999999999995,79.044,1,4,0,1
tmsmiley,372,1,1,0,0,0,1,(J>Z),1,0,0,0,0,0,0,0,0,0,1,0,0,0,0,0,0,0,0,0,3.-1.1.0,2,Try to derive -Z working forward.,1,1,30.966,30.966,2,2,0,1
tmsmiley,726,1,1,0,0,0,1,(S+B),1,0,0,0,0,0,0,0,0,0,1,0,0,0,0,0,0,0,0,0,6.1.1.0,2,Try to derive -S>B working forward.,1,1,15.311,15.311,4,43,0,0
tmsmiley,614,6,6,0,0,0,3,MP,2,0,3,0,1,0,0,0,0,0,2,0,3,0,1,0,0,0,0,0,5.-1.3.0,2,Try to derive -Y working forward.,1,0,3.5050000000000026,26.321,7,8,0,1
tmsmiley,239,1,1,0,0,0,1,Z,1,0,0,0,0,0,0,0,0,0,1,0,0,0,0,0,0,0,0,0,1.0.3.0,2,Try to derive G+Z working forward.,1,1,42.521,42.521,8,0,0,1
tmsmiley,357,70,70,0,0,0,7,get,17,9,35,0,0,4,5,0,0,0,17,9,35,0,0,4,5,0,0,0,1.0.3.0,2,Try to derive G+Z working forward.,0,1,1.0230000000000246,509.939,8,0,0,1
tmsmiley,393,90,90,0,0,0,7,get,21,11,46,0,0,5,7,0,0,0,21,11,46,0,0,5,7,0,0,0,1.0.3.0,2,Try to derive G+Z working forward.,0,1,1.05499999999995,559.828,8,0,0,1
tmsmiley,415,100,100,0,0,0,7,get,23,11,52,0,0,6,8,0,0,0,23,11,52,0,0,6,8,0,0,0,1.0.3.0,2,Try to derive G+Z working forward.,0,1,16.526000000000067,692.297,8,0,0,1
tmsmiley,252,10,112,0,0,0,3,Simp,4,0,5,0,1,0,0,0,0,0,28,11,58,0,1,6,8,0,0,0,1.0.3.0,2,Try to derive W+-R working forward.,1,1,26.178000000000004,71.676,8,0,1,1
tmsmiley,32,5,5,0,0,0,1,(B*(S+L)),2,0,3,0,0,0,0,0,0,0,2,0,3,0,0,0,0,0,0,0,1.0.2.0,2,Try to derive S+L working forward.,1,1,57.705,159.81,10,0,0,0
scfausz,223,4,32,0,0,0,7,get,1,0,0,0,0,1,2,0,0,0,8,2,8,0,2,1,11,0,0,0,3.-1.1.0,2,Try to derive (J+L)+K working forward.,0,1,2.4219999999999686,514.236,1,2,1,0
scfausz,1186,1,1,0,0,0,1,(S+B),1,0,0,0,0,0,0,0,0,0,1,0,0,0,0,0,0,0,0,0,6.1.1.0,2,Try to derive -S>B working forward.,1,1,15.342,15.342,3,-1,0,1
scfausz,1113,6,6,0,0,0,1,(D+B),4,1,1,0,0,0,0,0,0,0,4,1,1,0,0,0,0,0,0,0,5.1.1.0,2,Try to derive -D>B working forward.,1,1,19.263999999999996,118.223,6,6,0,1
scfausz,1118,9,9,0,0,0,3,CP,5,1,3,0,0,0,0,0,0,0,5,1,3,0,0,0,0,0,0,0,5.1.1.0,2,Try to derive --B>-A working forward.,1,0,2.1450000000000102,133.329,6,6,0,1
scfausz,1125,15,15,0,0,0,3,HS,8,1,5,0,1,0,0,0,0,0,8,1,5,0,1,0,0,0,0,0,5.1.1.0,2,Try to derive -D>-A working forward.,1,0,6.557999999999993,157.956,6,6,0,1
scfausz,30,6,6,0,0,0,1,(--U+-L),3,1,1,0,1,0,0,0,0,0,3,1,1,0,1,0,0,0,0,0,1.0.2.0,2,Try to derive B working forward.,1,1,14.12700000000001,504.117,10,0,0,0
scfausz,33,9,9,0,0,0,1,(U+-L),4,1,2,0,2,0,0,0,0,0,4,1,2,0,2,0,0,0,0,0,1.0.2.0,2,Try to derive -L working forward.,1,1,13.726999999999975,536.202,10,0,0,1
scfausz,36,11,11,0,0,0,1,(B*(S+L)),5,1,3,0,2,0,0,0,0,0,5,1,3,0,2,0,0,0,0,0,1.0.2.0,2,Try to derive S+L working forward.,1,1,61.990999999999985,687.468,10,0,0,1
jrconrad,296,1,10,0,0,0,1,(K+J),1,0,0,0,0,0,0,0,0,0,4,0,4,0,1,0,0,0,1,0,3.-1.1.0,2,Try to derive -Z working forward.,1,1,12.093,12.093,1,2,1,1
jrconrad,312,12,21,0,0,0,3,DS,5,3,3,0,1,0,0,0,0,0,8,3,7,0,2,0,0,0,1,0,3.-1.1.0,2,Try to derive -J working forward.,1,1,10.599999999999994,108.488,1,2,1,1
jrconrad,318,15,24,0,0,0,3,DS,6,3,5,0,1,0,0,0,0,0,9,3,9,0,2,0,0,0,1,0,3.-1.1.0,2,Try to derive K working forward.,1,0,5.552999999999983,133.521,1,2,1,1
jrconrad,331,3,33,0,0,0,3,Add,1,0,2,0,0,0,0,0,0,0,11,3,13,0,2,0,2,0,2,0,3.-1.1.0,2,Try to derive -Z working forward.,1,1,17.6,22.27,1,2,2,1
jrconrad,351,13,43,0,0,0,3,MT,4,2,6,0,1,0,0,0,0,0,14,5,17,0,3,0,2,0,2,0,3.-1.1.0,2,Try to derive -J working forward.,1,0,11.024000000000001,81.092,1,2,2,1
jrconrad,361,17,47,0,0,0,7,get,6,2,7,0,1,0,1,0,0,0,16,5,18,0,3,0,3,0,2,0,3.-1.1.0,2,Try to derive (J+L)+K working forward.,0,1,2.2460000000000093,94.876,1,2,2,1
jrconrad,1100,1,1,0,0,0,1,((A>-B)+C),1,0,0,0,0,0,0,0,0,0,1,0,0,0,0,0,0,0,0,0,5.1.1.0,2,Try to derive A>-B working forward.,1,1,30.162,30.162,4,-1,0,1
jrconrad,1103,4,4,0,0,0,1,(A>-B),3,0,1,0,0,0,0,0,0,0,3,0,1,0,0,0,0,0,0,0,5.1.1.0,2,Try to derive -D>B working forward.,1,1,61.63,116.251,4,-1,0,0
jrconrad,1115,11,11,0,0,0,7,get,5,1,3,0,0,0,2,0,0,0,5,1,3,0,0,0,2,0,0,0,5.1.1.0,2,Try to derive --B>-A working forward.,0,1,9.614000000000004,203.455,4,-1,0,1
jrconrad,1121,16,16,0,0,0,7,get,6,1,4,0,0,0,5,0,0,0,6,1,4,0,0,0,5,0,0,0,5.1.1.0,2,Try to derive B>-A working forward.,0,1,11.87100000000001,233.428,4,-1,0,1
jrconrad,1131,23,23,0,0,0,7,get,8,2,6,0,1,0,6,0,0,0,8,2,6,0,1,0,6,0,0,0,5.1.1.0,2,Try to derive --D+B working forward.,0,1,4.478000000000009,263.466,4,-1,0,1
jrconrad,1137,27,27,0,0,0,7,get,9,2,7,0,2,0,7,0,0,0,9,2,7,0,2,0,7,0,0,0,5.1.1.0,2,Try to derive -D>B working forward.,0,1,6.365000000000009,282.25,4,-1,0,1
jrconrad,1149,35,35,0,0,0,3,HS,12,2,11,0,3,0,7,0,0,0,12,2,11,0,3,0,7,0,0,0,5.1.1.0,2,Try to derive -D>-A working forward.,1,0,14.205000000000041,355.427,4,-1,0,1
jrconrad,70,1,1,0,0,0,1,((W+-R)*N),1,0,0,0,0,0,0,0,0,0,1,0,0,0,0,0,0,0,0,0,1.0.3.0,2,Try to derive G+Z working forward.,1,1,26.473,26.473,7,0,0,1
jrconrad,88,9,9,0,0,0,1,((G+Z)>-W),4,2,2,0,1,0,0,0,0,0,4,2,2,0,1,0,0,0,0,0,1.0.3.0,2,Try to derive G+Z working forward.,1,1,45.34700000000001,189.869,7,0,0,1
jrconrad,123,35,35,0,0,0,7,get,14,12,4,0,2,0,3,0,0,0,14,12,4,0,2,0,3,0,0,0,1.0.3.0,2,Try to derive G+Z working forward.,0,1,1.0540000000000305,468.8,7,0,0,1
jrconrad,132,44,44,0,0,0,7,get,17,14,5,0,2,0,6,0,0,0,17,14,5,0,2,0,6,0,0,0,1.0.3.0,2,Try to derive -W working forward.,0,1,1.2659999999999627,516.853,7,0,0,1
jrconrad,39,16,16,0,0,0,7,get,6,4,2,0,1,0,3,0,0,0,6,4,2,0,1,0,3,0,0,0,1.0.1.0,2,Try to derive A working forward.,0,1,8.141999999999996,284.313,9,0,0,1
jrconrad,49,24,24,0,0,0,7,get,8,5,4,0,1,0,6,0,0,0,8,5,4,0,1,0,6,0,0,0,1.0.1.0,2,Try to derive B*C working forward.,0,1,16.108000000000004,362.775,9,0,0,1
jrconrad,54,29,29,0,0,0,3,Simp,11,5,6,0,1,0,6,0,0,0,11,5,6,0,1,0,6,0,0,0,1.0.1.0,2,Try to derive B working forward.,1,1,12.430999999999983,467.56,9,0,0,1
jrconrad,1232,1,1,0,0,0,1,(J>H),1,0,0,0,0,0,0,0,0,0,1,0,0,0,0,0,0,0,0,0,6.-1.2.0,2,Try to derive H working forward.,1,1,67.0,67,10,3,0,1
jrconrad,1236,4,4,0,0,0,1,(-W>(-H*-F)),3,0,1,0,0,0,0,0,0,0,3,0,1,0,0,0,0,0,0,0,6.-1.2.0,2,Try to derive H+F working forward.,1,1,44.602000000000004,129.834,10,3,0,1
jrconrad,1239,7,7,0,0,0,1,(--W+(-H*-F)),4,0,2,0,1,0,0,0,0,0,4,0,2,0,1,0,0,0,0,0,6.-1.2.0,2,Try to derive H+F working forward.,1,1,35.072,230.23,10,3,0,1
jrconrad,1242,10,10,0,0,0,1,(W+(-H*-F)),5,0,3,0,2,0,0,0,0,0,5,0,3,0,2,0,0,0,0,0,6.-1.2.0,2,Try to derive -(-H*-F)>--W working forward.,1,1,21.638000000000034,264.422,10,3,0,0
jrconrad,1261,22,22,0,0,0,1,(W+(-H*-F)),9,1,5,0,4,1,2,0,0,0,9,1,5,0,4,1,2,0,0,0,6.-1.2.0,2,Try to derive (W+-H)*(W+-F) working forward.,1,1,39.34699999999998,373.719,10,3,0,1
kgohel2,322,1,2,0,0,0,7,get,0,0,0,0,0,0,1,0,0,0,0,0,0,0,0,0,1,0,0,1,2.-1.3.1,2,Try to derive Q>P working forward.,0,1,4.429,4.429,0,7,1,1
kgohel2,330,9,10,0,0,0,7,get,2,0,1,0,0,0,6,0,0,0,2,0,1,0,0,0,6,0,0,1,2.-1.3.1,2,Try to derive R working forward.,0,1,2.2779999999999987,24.691,0,7,1,1
kgohel2,336,15,16,0,0,0,7,get,3,0,2,0,1,0,9,0,0,0,3,0,2,0,1,0,9,0,0,1,2.-1.3.1,2,Try to derive P working forward.,0,1,1.6509999999999962,43.565,0,7,1,1
kgohel2,352,26,27,0,0,0,3,Conj,8,1,4,0,1,0,12,0,0,0,8,1,4,0,1,0,12,0,0,1,2.-1.3.1,2,Try to derive P*R working forward.,1,1,13.262,90.027,0,7,1,1
kgohel2,1252,1,1,0,0,0,1,(S+B),1,0,0,0,0,0,0,0,0,0,1,0,0,0,0,0,0,0,0,0,6.1.1.0,2,Try to derive -S>B working forward.,1,1,31.129,31.129,5,-1,0,1
kgohel2,1254,3,3,0,0,0,1,(-S>B),2,0,1,0,0,0,0,0,0,0,2,0,1,0,0,0,0,0,0,0,6.1.1.0,2,Try to derive -B>--S working forward.,1,1,53.730000000000004,86.265,5,-1,0,1
kgohel2,1256,5,5,0,0,0,1,(-B>--S),3,0,2,0,0,0,0,0,0,0,3,0,2,0,0,0,0,0,0,0,6.1.1.0,2,Try to derive -B>S working forward.,1,1,37.393,125.235,5,-1,0,1
kgohel2,1259,8,8,0,0,0,1,(B>D),4,0,3,0,1,0,0,0,0,0,4,0,3,0,1,0,0,0,0,0,6.1.1.0,2,Try to derive -D>-B working forward.,1,1,30.710000000000008,167.775,5,-1,0,1
kgohel2,1261,10,10,0,0,0,1,(-D>-B),5,0,4,0,1,0,0,0,0,0,5,0,4,0,1,0,0,0,0,0,6.1.1.0,2,Try to derive -D>-S working forward.,1,1,17.414999999999992,188.402,5,-1,0,0
kgohel2,893,1,2,0,0,0,7,get,0,0,0,0,0,0,1,0,0,0,0,0,0,0,0,0,1,0,0,1,4.-1.2.0,2,Try to derive D>F working forward.,0,1,4.464,4.464,6,0,1,1
kgohel2,901,9,10,0,0,0,7,get,1,0,1,0,1,0,6,0,0,0,1,0,1,0,1,0,6,0,0,1,4.-1.2.0,2,Try to derive -G working forward.,0,1,2.466000000000001,24.498,6,0,1,1
kgohel2,916,21,22,0,0,0,7,get,3,1,3,0,2,0,12,0,0,0,3,1,3,0,2,0,12,0,0,1,4.-1.2.0,2,Try to derive -B working forward.,0,1,3.0859999999999985,40.637,6,0,1,1
kgohel2,925,28,29,0,0,0,7,get,4,1,4,0,2,0,17,0,0,0,4,1,4,0,2,0,17,0,0,1,4.-1.2.0,2,Try to derive C>D working forward.,0,1,5.874000000000002,57.258,6,0,1,1
kgohel2,939,41,42,0,0,0,7,get,5,1,5,0,2,0,28,0,0,0,5,1,5,0,2,0,28,0,0,1,4.-1.2.0,2,Try to derive C>F working forward.,0,1,1.3900000000000006,66.389,6,0,1,1
kgohel2,554,1,2,0,0,0,7,get,0,0,0,0,0,0,1,0,0,0,0,0,0,0,0,0,1,0,0,1,3.-1.3.1,2,Try to derive I>D working forward.,0,1,2.667,2.667,8,2,1,1
kgohel2,1149,1,1,0,0,0,1,(Y>F),1,0,0,0,0,0,0,0,0,0,1,0,0,0,0,0,0,0,0,0,5.-1.3.0,2,Try to derive -F working forward.,1,1,26.965,26.965,10,-1,0,1
kgohel2,1172,9,9,0,0,0,7,get,3,2,2,0,1,0,1,0,0,0,3,2,2,0,1,0,1,0,0,0,5.-1.3.0,2,Try to derive -Y working forward.,0,1,8.902999999999992,133.849,10,-1,0,1
kgohel2,1119,10,10,0,0,0,1,(G>-Z),2,0,1,0,1,0,6,0,0,0,2,0,1,0,1,0,6,0,0,0,5.-1.1.0,2,Try to derive --Z>-G working forward.,1,1,16.714,82.385,11,-1,0,1
kgohel2,180,1,31,0,0,0,7,get,0,0,0,0,0,0,1,0,0,0,7,4,7,0,1,0,11,0,0,1,1.0.3.0,2,Try to derive G+Z working forward.,0,1,7.781,7.781,12,0,2,1
kgohel2,189,9,39,0,0,0,7,get,2,0,2,0,1,0,4,0,0,0,9,4,9,0,2,0,14,0,0,1,1.0.3.0,2,Try to derive G+Z working forward.,0,1,5.239000000000001,35.109,12,0,2,1
kgohel2,201,4,48,0,0,0,7,get,1,0,1,0,1,0,1,0,0,0,10,5,10,0,3,0,18,0,1,1,1.0.3.0,2,Try to derive -W working forward.,0,1,4.244,36.917,12,0,3,1
kgohel2,213,13,57,0,0,0,7,get,4,0,3,0,2,0,4,0,0,0,13,5,12,0,4,0,21,0,1,1,1.0.3.0,2,Try to derive -R working forward.,0,1,2.8500000000000227,368.608,12,0,3,1
kgohel2,731,6,6,0,0,0,7,get,1,0,1,0,1,0,3,0,0,0,1,0,1,0,1,0,3,0,0,0,4.1.2.0,2,Try to derive -W working forward.,0,1,2.5249999999999986,54.679,14,14,0,1
kgohel2,735,10,10,0,0,0,7,get,2,0,2,0,2,0,4,0,0,0,2,0,2,0,2,0,4,0,0,0,4.1.2.0,2,Try to derive -Y>X working forward.,0,1,1.4789999999999992,65.039,14,14,0,0
kgohel2,744,19,19,0,0,0,7,get,4,0,3,0,2,0,10,0,0,0,4,0,3,0,2,0,10,0,0,0,4.1.2.0,2,Try to derive T>S working forward.,0,1,2.087999999999994,76.018,14,14,0,0
kgohel2,754,27,27,0,0,0,7,get,5,0,4,0,2,0,16,0,0,0,5,0,4,0,2,0,16,0,0,0,4.1.2.0,2,Try to derive (-Y>X)*(T>S) working forward.,0,1,2.3049999999999926,96.047,14,14,0,0
kgohel2,748,23,67,0,0,0,7,get,4,0,4,0,2,0,13,0,0,0,15,2,10,0,5,0,35,0,0,0,4.1.2.0,2,Try to derive T>S working forward.,0,1,3.4420000000000073,181.733,14,0,1,1
kgohel2,765,39,83,0,0,0,7,get,5,0,5,0,2,0,27,0,0,0,16,2,11,0,5,0,49,0,0,0,4.1.2.0,2,Try to derive (-Y>X)*(T>S) working forward.,0,1,5.457999999999998,203.427,14,0,1,1
kckwazem,1149,1,1,0,0,0,1,(B>D),1,0,0,0,0,0,0,0,0,0,1,0,0,0,0,0,0,0,0,0,6.1.1.0,2,Try to derive -S>B working forward.,1,1,59.151,59.151,2,-1,0,0
kckwazem,1083,4,4,0,0,0,3,MT,1,0,2,0,1,0,0,0,0,0,1,0,2,0,1,0,0,0,0,0,5.-1.3.0,2,Try to derive -Y working forward.,1,0,16.567999999999998,30.612,7,10,0,1
kckwazem,184,7,7,0,0,0,3,DS,3,1,2,0,1,0,0,0,0,0,3,1,2,0,1,0,0,0,0,0,2.-1.1.0,2,Try to derive F working forward.,1,0,10.939999999999998,98.53,9,7,0,1
kckwazem,192,15,15,0,0,0,3,MP,7,2,4,0,2,0,0,0,0,0,7,2,4,0,2,0,0,0,0,0,2.-1.1.0,2,Try to derive H working forward.,1,0,12.422000000000011,130.21,9,7,0,1
kckwazem,138,1,18,0,0,0,1,((G+Z)>-W),1,0,0,0,0,0,0,0,0,0,9,5,4,0,0,0,0,0,0,0,1.0.3.0,2,Try to derive G+Z working forward.,1,1,14.219,14.219,10,0,1,1
kckwazem,149,11,28,0,0,0,3,MP,5,2,3,0,1,0,0,0,0,0,13,7,7,0,1,0,0,0,0,0,1.0.3.0,2,Try to derive -W working forward.,1,0,23.726000000000013,114.924,10,0,1,1
kckwazem,163,16,33,0,0,0,3,Add,6,3,6,0,1,0,0,0,0,0,14,8,10,0,1,0,0,0,0,0,1.0.3.0,2,Try to derive W+-R working forward.,1,1,52.504999999999995,316.615,10,0,1,1
kckwazem,171,21,38,0,0,0,3,DS,8,3,8,0,2,0,0,0,0,0,16,8,12,0,2,0,0,0,0,0,1.0.3.0,2,Try to derive -R working forward.,1,0,49.52199999999999,475.791,10,0,1,1
kckwazem,38,1,1,0,0,0,1,(B*(S+L)),1,0,0,0,0,0,0,0,0,0,1,0,0,0,0,0,0,0,0,0,1.0.2.0,2,Try to derive -L working forward.,1,1,16.269,16.269,12,0,0,1
kckwazem,55,12,12,0,0,0,1,(B*(S+L)),7,3,1,0,0,0,1,0,0,0,7,3,1,0,0,0,1,0,0,0,1.0.2.0,2,Try to derive S+L working forward.,1,1,82.81,339.388,12,0,0,1
kckwazem,367,5,5,0,0,0,1,(Z>(-Y>X)),3,2,0,0,0,0,0,0,0,0,3,2,0,0,0,0,0,0,0,0,4.1.2.0,2,Try to derive Z working forward.,1,1,9322.718,9332.34,13,0,0,1
kckwazem,395,29,29,0,0,0,3,DS,14,9,4,0,2,0,0,0,0,0,14,9,4,0,2,0,0,0,0,0,4.1.2.0,2,Try to derive T>S working forward.,1,0,8.989999999999782,9476.25,13,0,0,1
kckwazem,396,30,30,0,0,0,1,(-Y>X),15,9,4,0,2,0,0,0,0,0,15,9,4,0,2,0,0,0,0,0,4.1.2.0,2,Try to derive (-Y>X)*(T>S) working forward.,1,1,119.64999999999964,9595.9,13,0,0,1
kckwazem,446,69,69,0,0,0,7,get,33,21,7,0,3,2,3,0,0,0,33,21,7,0,3,2,3,0,0,0,4.1.2.0,2,Try to derive (-Y>X)*(T>S) working forward.,0,1,0.8999999999996362,10232.9,13,0,0,1
nlrobson,33,3,3,0,0,0,2,Z,2,1,0,0,0,0,0,0,0,0,2,1,0,0,0,0,0,0,0,0,1.0.3.0,2,Try to derive G+Z working forward.,1,1,25.847999999999995,52.971,0,0,0,0
nlrobson,56,21,21,0,0,0,7,get,7,2,6,0,3,2,1,0,0,0,7,2,6,0,3,2,1,0,0,0,1.0.3.0,2,Try to derive G+Z working forward.,0,1,8.613999999999919,604.977,0,0,0,0
nlrobson,137,1,88,0,0,0,7,get,0,0,0,0,0,0,1,0,0,0,34,6,27,0,10,6,4,0,1,0,1.0.3.0,2,Try to derive G+Z working forward.,0,1,2.775,2.775,0,0,1,1
nlrobson,147,1,97,0,0,0,7,get,0,0,0,0,0,0,1,0,0,0,37,6,29,0,12,6,5,0,2,0,1.0.3.0,2,Try to derive G+Z working forward.,0,1,17.865,17.865,0,0,2,1
nlrobson,453,1,1,0,0,0,1,(S+B),1,0,0,0,0,0,0,0,0,0,1,0,0,0,0,0,0,0,0,0,6.1.1.0,2,Try to derive -S>B working forward.,1,1,26.664,26.664,8,-1,0,1
nlrobson,386,4,4,0,0,0,1,(D+B),3,0,1,0,0,0,0,0,0,0,3,0,1,0,0,0,0,0,0,0,5.1.1.0,2,Try to derive -D>B working forward.,1,1,24.052,48.003,10,6,0,1
jeclark5,1070,7,32,0,0,0,7,get,3,1,1,0,0,0,2,0,0,0,20,4,3,0,1,0,4,0,0,0,5.-1.3.0,2,Try to derive -Y*-F working forward.,0,1,6.135000000000019,139.269,6,1,1,1
jeclark5,22,1,2,0,0,0,3,Simp,0,0,1,0,0,0,0,0,0,0,0,0,1,0,0,0,0,0,1,0,1.0.1.0,2,Try to derive -D working forward.,1,1,14.2,14.2,11,0,1,1
jeclark5,32,9,10,0,0,0,7,get,2,0,3,0,1,1,2,0,0,0,2,0,3,0,1,1,2,0,1,0,1.0.1.0,2,Try to derive A working forward.,0,1,1.0120000000000005,270.752,11,0,1,1
jeclark5,1179,1,1,0,0,0,1,(J>H),1,0,0,0,0,0,0,0,0,0,1,0,0,0,0,0,0,0,0,0,6.-1.2.0,2,Try to derive H working forward.,1,1,20.098,20.098,12,29,0,1
jeclark5,1200,15,15,0,0,0,2,H,7,2,5,0,0,1,0,0,0,0,7,2,5,0,0,1,0,0,0,0,6.-1.2.0,2,Try to derive H+F working forward.,1,1,10.393999999999991,105.705,12,29,0,1
jeclark5,1207,20,20,0,0,0,7,get,8,3,6,0,1,1,1,0,0,0,8,3,6,0,1,1,1,0,0,0,6.-1.2.0,2,Try to derive --H+F working forward.,0,1,2.1650000000000063,121.739,12,29,0,1
jeclark5,1211,24,24,0,0,0,7,get,9,3,7,0,2,1,2,0,0,0,9,3,7,0,2,1,2,0,0,0,6.-1.2.0,2,Try to derive --H+--F working forward.,0,1,2.165999999999997,135.047,12,29,0,1
jeclark5,1215,28,28,0,0,0,7,get,10,3,8,0,3,1,3,0,0,0,10,3,8,0,3,1,3,0,0,0,6.-1.2.0,2,Try to derive -(-H*-F) working forward.,0,1,2.5560000000000116,154.012,12,29,0,0
jeclark5,63,1,1,0,0,0,1,(-U>-L),1,0,0,0,0,0,0,0,0,0,1,0,0,0,0,0,0,0,0,0,1.0.2.0,2,Try to derive -L working forward.,1,1,11.443,11.443,13,0,0,1
jeclark5,69,5,5,0,0,0,3,Simp,2,0,3,0,0,0,0,0,0,0,2,0,3,0,0,0,0,0,0,0,1.0.2.0,2,Try to derive S+L working forward.,1,1,4.344000000000001,44.142,13,0,0,1
asgargan,294,3,3,0,0,0,3,Add,1,0,2,0,0,0,0,0,0,0,1,0,2,0,0,0,0,0,0,0,3.-1.1.0,2,Try to derive -Z working forward.,1,1,21.498,40.886,2,2,0,1
asgargan,302,10,10,0,0,0,7,get,3,2,3,0,1,0,1,0,0,0,3,2,3,0,1,0,1,0,0,0,3.-1.1.0,2,Try to derive -J working forward.,0,1,2.8359999999999985,84.819,2,2,0,1
asgargan,332,32,32,0,0,0,7,get,11,3,8,0,2,3,5,0,0,0,11,3,8,0,2,3,5,0,0,0,3.-1.1.0,2,Try to derive -J working forward.,0,1,1.179000000000002,204.48,2,2,0,1
asgargan,351,35,35,0,0,0,7,get,12,3,9,0,2,3,6,0,0,0,12,3,9,0,2,3,6,0,0,0,3.-1.1.0,2,Try to derive K working forward.,0,1,1.4279999999999973,265.793,2,2,0,1
asgargan,356,38,38,0,0,0,7,get,13,3,10,0,2,3,7,0,0,0,13,3,10,0,2,3,7,0,0,0,3.-1.1.0,2,Try to derive (J+L)+K working forward.,0,1,1.4349999999999454,275.155,2,2,0,1
asgargan,1185,1,1,0,0,0,1,(S+B),1,0,0,0,0,0,0,0,0,0,1,0,0,0,0,0,0,0,0,0,6.1.1.0,2,Try to derive -S>B working forward.,1,1,13.134,13.134,5,9,0,1
asgargan,1187,3,3,0,0,0,7,get,1,0,1,0,0,0,1,0,0,0,1,0,1,0,0,0,1,0,0,0,6.1.1.0,2,Try to derive -B>--S working forward.,0,1,2.5239999999999974,21.673,5,9,0,1
asgargan,1193,9,9,0,0,0,7,get,3,0,3,0,1,0,2,0,0,0,3,0,3,0,1,0,2,0,0,0,6.1.1.0,2,Try to derive -D>-B working forward.,0,1,1.573999999999998,34.783,5,9,0,1
asgargan,1196,12,12,0,0,0,7,get,4,0,4,0,1,0,3,0,0,0,4,0,4,0,1,0,3,0,0,0,6.1.1.0,2,Try to derive -D>-S working forward.,0,1,1.8900000000000006,42.426,5,9,0,0
asgargan,1203,19,19,0,0,0,7,get,7,0,5,0,1,1,5,0,0,0,7,0,5,0,1,1,5,0,0,0,6.1.1.0,2,Try to derive -D>-S working forward.,0,1,0.8279999999999959,58.455,5,9,0,0
asgargan,1123,1,1,0,0,0,3,DN,0,0,1,0,0,0,0,0,0,0,0,0,1,0,0,0,0,0,0,0,5.-1.3.0,2,Try to derive -F working forward.,1,1,11.433,11.433,9,19,0,1
asgargan,1126,4,4,0,0,0,3,Impl,1,0,2,0,1,0,0,0,0,0,1,0,2,0,1,0,0,0,0,0,5.-1.3.0,2,Try to derive -Y working forward.,1,0,6.760999999999999,24.493,9,19,0,1
asgargan,1097,1,1,0,0,0,1,(-R+Z),1,0,0,0,0,0,0,0,0,0,1,0,0,0,0,0,0,0,0,0,5.-1.1.0,2,Try to derive R>Z working forward.,1,1,16.25,16.25,10,19,0,1
asgargan,45,9,9,0,0,0,1,(B*C),5,0,3,0,1,0,0,0,0,0,5,0,3,0,1,0,0,0,0,0,1.0.1.0,2,Try to derive B working forward.,1,1,84.88000000000011,953.738,12,0,0,1
asgargan,109,19,19,0,0,0,7,get,6,3,7,0,1,1,1,0,0,0,6,3,7,0,1,1,1,0,0,0,1.0.2.0,2,Try to derive S+L working forward.,0,1,20.18900000000002,295.014,13,0,0,1
asgargan,114,21,21,0,0,0,7,get,6,4,7,0,1,1,2,0,0,0,6,4,7,0,1,1,2,0,0,0,1.0.2.0,2,Try to derive -L working forward.,0,1,3.625,306.772,13,0,0,1
asgargan,143,31,31,0,1,0,7,get,10,4,10,0,1,2,4,0,0,0,10,4,10,0,1,2,4,0,0,0,1.0.2.0,2,Try to derive S+L working forward.,0,1,4.423000000000002,452.258,13,0,0,1
bjarring,398,6,6,0,0,0,1,(-A+-B),4,0,2,0,0,0,0,0,0,0,4,0,2,0,0,0,0,0,0,0,5.1.1.0,2,Try to derive -B+-A working forward.,1,1,18.477,37.308,5,6,0,1
bjarring,401,9,9,0,0,0,7,get,5,0,3,0,0,0,1,0,0,0,5,0,3,0,0,0,1,0,0,0,5.1.1.0,2,Try to derive --B>-A working forward.,0,1,1.7199999999999989,44.787,5,6,0,1
bjarring,410,15,15,0,0,0,7,get,6,0,6,0,1,0,2,0,0,0,6,0,6,0,1,0,2,0,0,0,5.1.1.0,2,Try to derive B>-A working forward.,0,1,3.796999999999997,75.539,5,6,0,1
bjarring,415,19,19,0,0,0,7,get,6,0,8,0,2,0,3,0,0,0,6,0,8,0,2,0,3,0,0,0,5.1.1.0,2,Try to derive --D+B working forward.,0,1,2.4989999999999952,90.821,5,6,0,1
bjarring,431,31,31,0,0,0,7,get,9,1,11,0,3,0,7,0,0,0,9,1,11,0,3,0,7,0,0,0,5.1.1.0,2,Try to derive -D>B working forward.,0,1,1.1469999999999914,142.631,5,6,0,1
bjarring,57,1,1,0,0,0,1,(-I*J),1,0,0,0,0,0,0,0,0,0,1,0,0,0,0,0,0,0,0,0,2.-1.1.0,2,Try to derive -I working forward.,1,1,27.871,27.871,6,7,0,1
bjarring,62,5,5,0,0,0,3,Conj,2,0,2,0,1,0,0,0,0,0,2,0,2,0,1,0,0,0,0,0,2.-1.1.0,2,Try to derive F working forward.,1,1,33.73299999999999,137.063,6,7,0,1
bjarring,70,10,10,0,0,0,2,F,4,1,4,0,1,0,0,0,0,0,4,1,4,0,1,0,0,0,0,0,2.-1.1.0,2,Try to derive F+G working forward.,1,1,9.218999999999994,160.345,6,7,0,1
bjarring,2,1,1,0,0,0,1,(A+D),1,0,0,0,0,0,0,0,0,0,1,0,0,0,0,0,0,0,0,0,1.0.1.0,2,Try to derive -D working forward.,1,1,44.641,44.641,9,0,0,1
bjarring,549,5,5,0,0,0,2,H,3,1,1,0,0,0,0,0,0,0,3,1,1,0,0,0,0,0,0,0,6.-1.2.0,2,Try to derive H+F working forward.,1,1,46.279999999999994,76.96,10,29,0,0
bjarring,343,1,1,0,0,0,1,(Z*-W),1,0,0,0,0,0,0,0,0,0,1,0,0,0,0,0,0,0,0,0,4.1.2.0,2,Try to derive Z working forward.,1,1,171.126,171.126,13,1,0,1
jepatzer,143,1,1,0,0,0,1,(K+J),1,0,0,0,0,0,0,0,0,0,1,0,0,0,0,0,0,0,0,0,3.-1.1.0,2,Try to derive -Z working forward.,1,1,12.115,12.115,1,2,0,1
jepatzer,590,1,1,0,0,0,1,(-N+J),1,0,0,0,0,0,0,0,0,0,1,0,0,0,0,0,0,0,0,0,6.1.2.0,2,Try to derive J+-N working forward.,1,1,33.251,33.251,2,20,0,1
jepatzer,625,29,29,0,0,0,7,get,11,0,9,0,2,4,3,0,0,0,11,0,9,0,2,4,3,0,0,0,6.1.2.0,2,Try to derive --J+-N working forward.,0,1,0.625,337.62,2,20,0,1
jepatzer,629,33,33,0,0,0,7,get,12,0,10,0,3,4,4,0,0,0,12,0,10,0,3,4,4,0,0,0,6.1.2.0,2,Try to derive -J>-N working forward.,0,1,6.728000000000009,366.539,2,20,0,1
jepatzer,25,5,5,0,0,0,3,DS,2,0,2,0,1,0,0,0,0,0,2,0,2,0,1,0,0,0,0,0,1.0.1.0,2,Try to derive A working forward.,1,0,107.22399999999999,268.875,9,0,0,1
jepatzer,28,8,8,0,0,0,3,MP,4,0,3,0,1,0,0,0,0,0,4,0,3,0,1,0,0,0,0,0,1.0.1.0,2,Try to derive B*C working forward.,1,0,10.178999999999974,285.522,9,0,0,1
hqbui,486,4,4,0,0,0,2,(K+J),2,2,0,0,0,0,0,0,0,0,2,2,0,0,0,0,0,0,0,0,3.-1.1.0,2,Try to derive -Z working forward.,1,1,24.008,46.302,2,2,0,1
hqbui,584,47,47,0,0,0,7,get,20,12,9,0,2,3,1,0,0,0,20,12,9,0,2,3,1,0,0,0,3.-1.1.0,2,Try to derive K working forward.,0,1,0.8170000000000073,253.136,2,2,0,1
hqbui,589,50,50,0,0,0,7,get,21,12,10,0,2,3,2,0,0,0,21,12,10,0,2,3,2,0,0,0,3.-1.1.0,2,Try to derive (J+L)+K working forward.,0,1,4.0540000000000305,267.48,2,2,0,1
hqbui,1177,2,2,0,0,0,3,Impl,1,0,1,0,0,0,0,0,0,0,1,0,1,0,0,0,0,0,0,0,6.1.1.0,2,Try to derive -S>B working forward.,1,0,3.6640000000000015,18.893,3,-1,0,1
hqbui,1008,5,5,0,0,0,3,DS,3,1,1,0,0,0,0,0,0,0,3,1,1,0,0,0,0,0,0,0,5.1.1.0,2,Try to derive A>-B working forward.,1,0,0.8140000000000001,11.184,6,6,0,1
hqbui,1014,9,9,0,0,0,2,(D+B),5,3,1,0,0,0,0,0,0,0,5,3,1,0,0,0,0,0,0,0,5.1.1.0,2,Try to derive -D>B working forward.,1,1,1.3679999999999986,22.229,6,6,0,1
hqbui,86,25,25,0,0,0,7,get,10,4,7,0,0,3,1,0,0,0,10,4,7,0,0,3,1,0,0,0,1.0.1.0,2,Try to derive -D working forward.,0,1,2.964999999999975,344.981,10,0,0,1
hqbui,133,48,48,0,0,0,7,get,15,8,14,0,1,3,7,0,0,0,15,8,14,0,1,3,7,0,0,0,1.0.1.0,2,Try to derive A working forward.,0,1,17.629999999999995,502.888,10,0,0,1
hqbui,150,55,55,0,0,0,7,get,16,8,17,0,1,3,10,0,0,0,16,8,17,0,1,3,10,0,0,0,1.0.1.0,2,Try to derive B*C working forward.,0,1,11.765999999999963,556.762,10,0,0,1
hqbui,175,7,7,0,0,0,7,get,3,0,2,0,0,1,1,0,0,0,3,0,2,0,0,1,1,0,0,0,1.0.2.0,2,Try to derive S+L working forward.,0,1,4.542000000000002,30.442,11,0,0,1
sabeesle,123,4,19,0,0,0,2,Z,2,1,0,0,0,0,0,0,1,0,4,3,9,0,0,0,1,0,2,0,1.0.3.0,2,Try to derive G+Z working forward.,1,1,5.471,11.234,0,0,1,1
sabeesle,768,5,5,0,0,0,3,MP,2,0,3,0,0,0,0,0,0,0,2,0,3,0,0,0,0,0,0,0,6.-1.2.0,2,Try to derive H working forward.,1,0,14.481,25.537,2,3,0,1
sabeesle,774,11,11,0,0,0,3,Impl,5,2,4,0,0,0,0,0,0,0,5,2,4,0,0,0,0,0,0,0,6.-1.2.0,2,Try to derive H+F working forward.,1,1,9.521,43.985,2,3,0,0
sabeesle,791,21,21,0,0,0,3,CP,8,3,9,0,0,1,0,0,0,0,8,3,9,0,0,1,0,0,0,0,6.-1.2.0,2,Try to derive H+F working forward.,1,0,40.358999999999995,115.719,2,3,0,0
sabeesle,795,25,25,0,0,0,3,Impl,10,3,10,0,0,2,0,0,0,0,10,3,10,0,0,2,0,0,0,0,6.-1.2.0,2,Try to derive H+F working forward.,1,1,45.647999999999996,169.589,2,3,0,0
sabeesle,805,35,35,0,0,0,3,Simp,14,5,12,0,2,2,0,0,0,0,14,5,12,0,2,2,0,0,0,0,6.-1.2.0,2,Try to derive -(-H*-F)>--W working forward.,1,1,6.6089999999999804,219.718,2,3,0,0
sabeesle,903,2,2,0,0,0,3,CP,1,0,1,0,0,0,0,0,0,0,1,0,1,0,0,0,0,0,0,0,6.-1.3.0,2,Try to derive (Y>P)*(P>Y) working forward.,1,1,11.856,22.224,4,3,0,1
sabeesle,294,2,2,0,0,0,1,(K+J),2,0,0,0,0,0,0,0,0,0,2,0,0,0,0,0,0,0,0,0,3.-1.1.0,2,Try to derive -Z working forward.,1,1,12.98,20.719,7,2,0,1
sabeesle,310,14,14,0,0,0,3,Add,6,2,5,0,1,0,0,0,0,0,6,2,5,0,1,0,0,0,0,0,3.-1.1.0,2,Try to derive (J+L)+K working forward.,1,1,10.982999999999997,59.428,7,2,0,1
kjenkin3,148,1,1,0,0,0,1,(-Z*-R),1,0,0,0,0,0,0,0,0,0,1,0,0,0,0,0,0,0,0,0,3.-1.1.0,2,Try to derive -Z working forward.,1,1,13.918,13.918,1,2,0,1
kjenkin3,157,8,8,0,0,0,7,get,3,0,3,0,1,0,1,0,0,0,3,0,3,0,1,0,1,0,0,0,3.-1.1.0,2,Try to derive (J+L)+K working forward.,0,1,8.472999999999999,44.537,1,2,0,1
kjenkin3,829,2,9,0,0,0,7,get,0,0,0,0,0,0,1,0,1,0,2,0,2,0,0,0,3,0,2,0,6.1.2.0,2,Try to derive J+-N working forward.,0,1,0.71,2.101,4,-1,1,1
kjenkin3,834,6,13,0,0,0,7,get,1,0,2,0,0,0,2,0,1,0,3,0,4,0,0,0,4,0,2,0,6.1.2.0,2,Try to derive --J+-N working forward.,0,1,4.073999999999998,34.782,4,-1,1,1
kjenkin3,845,15,22,0,0,0,7,get,2,0,5,0,1,0,6,0,1,0,4,0,7,0,1,0,8,0,2,0,6.1.2.0,2,Try to derive -J>-N working forward.,0,1,3.353999999999999,84.065,4,-1,1,1
kjenkin3,849,19,26,0,0,0,7,get,3,0,6,0,2,0,7,0,1,0,5,0,8,0,2,0,9,0,2,0,6.1.2.0,2,Try to derive (B>-J)*(-J>B) working forward.,0,1,7.0049999999999955,106.753,4,-1,1,1
kjenkin3,267,1,2,0,0,0,1,(-D>-I),1,0,0,0,0,0,0,0,0,0,1,0,0,0,0,0,0,0,0,1,3.-1.3.1,2,Try to derive I>D working forward.,1,1,24.074,24.074,6,2,1,1
kjenkin3,283,12,13,0,0,0,7,get,5,0,5,0,1,0,1,0,0,0,5,0,5,0,1,0,1,0,0,1,3.-1.3.1,2,Try to derive -S+Q working forward.,0,1,10.408000000000001,84.891,6,2,1,1
kjenkin3,575,7,7,0,0,0,3,DS,2,0,3,0,1,0,0,0,0,1,2,0,3,0,1,0,0,0,0,1,5.-1.3.0,2,Try to derive -Y working forward.,1,0,12.350999999999999,32.573,8,6,0,1
kjenkin3,586,12,12,0,0,0,1,(-Y*-F),3,0,5,0,2,0,1,0,0,1,3,0,5,0,2,0,1,0,0,1,5.-1.3.0,2,Try to derive -(Y+F) working forward.,1,1,15.683000000000007,100.878,8,6,0,0
kjenkin3,19,1,1,0,0,0,1,((G+Z)>-W),1,0,0,0,0,0,0,0,0,0,1,0,0,0,0,0,0,0,0,0,1.0.3.0,2,Try to derive G+Z working forward.,1,1,20.588,20.588,11,0,0,1
kjenkin3,36,14,14,0,0,0,7,get,3,2,4,0,1,0,4,0,0,0,3,2,4,0,1,0,4,0,0,0,1.0.3.0,2,Try to derive -W working forward.,0,1,6.9389999999999645,259.126,11,0,0,1
kjenkin3,55,28,28,0,0,0,3,DS,8,3,8,0,2,0,7,0,0,0,8,3,8,0,2,0,7,0,0,0,1.0.3.0,2,Try to derive -R working forward.,1,0,16.625,388.297,11,0,0,1
cjenriqu,16,1,1,0,0,0,1,(-U>-L),1,0,0,0,0,0,0,0,0,0,1,0,0,0,0,0,0,0,0,0,1.0.2.0,2,Try to derive -L working forward.,1,1,38.269,38.269,1,0,0,1
cjenriqu,31,5,5,0,0,0,1,(B*(S+L)),2,0,3,0,0,0,0,0,0,0,2,0,3,0,0,0,0,0,0,0,1.0.2.0,2,Try to derive S+L working forward.,1,1,77.778,198.93,1,0,0,1
cjenriqu,404,1,1,0,0,0,1,((-S+T)>-P),1,0,0,0,0,0,0,0,0,0,1,0,0,0,0,0,0,0,0,0,3.1.2.0,2,Try to derive -S working forward.,1,1,17.862,17.862,6,16,0,1
cjenriqu,450,10,10,0,0,0,7,get,2,1,5,0,1,0,1,0,0,0,2,1,5,0,1,0,1,0,0,0,3.1.2.0,2,Try to derive -R+P working forward.,0,1,5.69999999999709,62497.1,6,16,0,1
cjenriqu,475,24,24,0,0,0,7,get,8,5,7,0,2,0,2,0,0,0,8,5,7,0,2,0,2,0,0,0,3.1.2.0,2,Try to derive -S+T working forward.,0,1,11.400000000001455,62633.1,6,16,0,0
cjenriqu,518,2,34,0,0,0,1,(O>S),1,0,0,0,0,0,0,0,1,0,11,6,11,0,2,0,2,0,2,0,3.1.2.0,2,Try to derive -S working forward.,1,1,21.206000000000003,22.039,6,16,1,1
cjenriqu,521,4,36,0,0,0,7,get,1,0,1,0,0,0,1,0,1,0,11,6,12,0,2,0,3,0,2,0,3.1.2.0,2,Try to derive -S working forward.,0,1,3.710000000000001,31.494,6,16,1,1
cjenriqu,537,3,42,0,0,0,3,Simp,1,0,1,0,0,0,0,0,1,0,13,6,14,0,2,0,3,0,4,0,3.1.2.0,2,Try to derive -S working forward.,1,1,6.704000000000001,15.228,6,16,2,1
cjenriqu,545,10,49,0,0,0,7,get,3,2,2,0,1,0,1,0,1,0,15,8,15,0,3,0,4,0,4,0,3.1.2.0,2,Try to derive -R+P working forward.,0,1,3.0770000000000053,66.9,6,16,2,1
cjenriqu,549,14,53,0,0,0,7,get,4,2,3,0,2,0,2,0,1,0,16,8,16,0,4,0,5,0,4,0,3.1.2.0,2,Try to derive -S+T working forward.,0,1,2.602000000000004,89.661,6,16,2,0
cjenriqu,632,44,83,0,0,0,3,Impl,16,8,15,0,2,0,2,0,1,0,28,14,28,0,4,0,5,0,4,0,3.1.2.0,2,Try to derive -S+T working forward.,1,1,78.70000000000073,14977.6,6,16,2,0
cjenriqu,635,46,85,0,0,0,1,(K>R),17,8,15,0,3,0,2,0,1,0,29,14,28,0,5,0,5,0,4,0,3.1.2.0,2,Try to derive K>P working forward.,1,1,11.200000000000728,15006.7,6,16,2,1
cjenriqu,2001,3,3,0,0,0,1,(S+B),2,1,0,0,0,0,0,0,0,0,2,1,0,0,0,0,0,0,0,0,6.1.1.0,2,Try to derive -S>B working forward.,1,1,7.062999999999999,22.406,8,34,0,1
cjenriqu,102,1,1,0,0,0,1,((F+G)>H),1,0,0,0,0,0,0,0,0,0,1,0,0,0,0,0,0,0,0,0,2.-1.1.0,2,Try to derive -I working forward.,1,1,62.856,62.856,10,7,0,1
cjenriqu,116,10,10,0,0,0,2,(I+F),4,3,2,0,1,0,0,0,0,0,4,3,2,0,1,0,0,0,0,0,2.-1.1.0,2,Try to derive F working forward.,1,1,26.561000000000007,181.525,10,7,0,1
cjenriqu,128,17,17,0,0,0,2,F,7,4,5,0,1,0,0,0,0,0,7,4,5,0,1,0,0,0,0,0,2.-1.1.0,2,Try to derive F+G working forward.,1,1,15.916999999999973,262.364,10,7,0,1
cjenriqu,151,30,30,0,0,0,3,MT,12,7,9,0,2,0,0,0,0,0,12,7,9,0,2,0,0,0,0,0,2.-1.1.0,2,Try to derive H working forward.,1,1,4.837999999999965,530.481,10,7,0,1
sjletica,162,1,1,0,0,0,1,(-Z*-R),1,0,0,0,0,0,0,0,0,0,1,0,0,0,0,0,0,0,0,0,3.-1.1.0,2,Try to derive -Z working forward.,1,1,37.747,37.747,1,2,0,1
sjletica,174,9,9,0,0,0,3,Add,4,0,4,0,1,0,0,0,0,0,4,0,4,0,1,0,0,0,0,0,3.-1.1.0,2,Try to derive (J+L)+K working forward.,1,1,8.364000000000004,71.501,1,2,0,1
sjletica,439,1,1,0,0,0,1,(B>D),1,0,0,0,0,0,0,0,0,0,1,0,0,0,0,0,0,0,0,0,6.1.1.0,2,Try to derive -S>B working forward.,1,1,67.851,67.851,3,44,0,0
sjletica,43,1,1,0,0,0,1,((W+-R)*N),1,0,0,0,0,0,0,0,0,0,1,0,0,0,0,0,0,0,0,0,1.0.3.0,2,Try to derive G+Z working forward.,1,1,97.723,97.723,8,0,0,1
sjletica,55,11,11,0,0,0,1,((G+Z)>-W),5,3,2,0,1,0,0,0,0,0,5,3,2,0,1,0,0,0,0,0,1.0.3.0,2,Try to derive G+Z working forward.,1,1,92.48599999999999,247.344,8,0,0,1
sjletica,25,3,3,0,0,0,1,(B*(S+L)),2,0,1,0,0,0,0,0,0,0,2,0,1,0,0,0,0,0,0,0,1.0.2.0,2,Try to derive S+L working forward.,1,1,268.433,315.328,10,0,0,1
sjletica,32,8,8,0,0,0,3,DS,3,0,4,0,1,0,0,0,0,0,3,0,4,0,1,0,0,0,0,0,1.0.2.0,2,Try to derive S working forward.,1,0,15.353000000000009,352.099,10,0,0,1
dsenerc,78,10,10,0,0,0,7,get,4,3,1,0,0,0,2,0,0,0,4,3,1,0,0,0,2,0,0,0,1.0.2.0,2,Try to derive S+L working forward.,0,1,5.792000000000002,118.924,1,0,0,0
dsenerc,506,9,58,0,0,0,3,Simp,3,0,6,0,0,0,0,0,0,0,15,9,29,0,0,0,4,0,0,1,1.0.2.0,2,Try to derive S+L working forward.,1,1,12.724000000000004,71.819,1,0,2,1
dsenerc,610,2,80,0,0,0,3,MP,1,0,1,0,0,0,0,0,0,0,19,11,43,0,0,0,6,0,0,1,1.0.2.0,2,Try to derive -L working forward.,1,0,1.9280000000000008,12.268,1,0,3,1
dsenerc,632,4,4,0,0,0,1,(I+F),2,0,1,0,1,0,0,0,0,0,2,0,1,0,1,0,0,0,0,0,2.-1.1.0,2,Try to derive F working forward.,1,1,21.688999999999965,299.28,4,2,0,1
dsenerc,635,6,6,0,0,0,1,((F+G)>H),3,0,2,0,1,0,0,0,0,0,3,0,2,0,1,0,0,0,0,0,2.-1.1.0,2,Try to derive F+G working forward.,1,1,19.553999999999974,321.565,4,2,0,0
cbwagner,1078,1,2,0,0,0,1,(Q>K),1,0,0,0,0,0,0,0,0,0,1,0,0,0,0,0,0,0,0,1,2.-1.3.1,2,Try to derive Q>P working forward.,1,1,82.205,82.205,0,1,1,1
cbwagner,1083,6,7,0,0,0,3,MP,4,0,2,0,0,0,0,0,0,0,4,0,2,0,0,0,0,0,0,1,2.-1.3.1,2,Try to derive R working forward.,1,0,8.861999999999995,114.274,0,1,1,1
cbwagner,1931,3,3,0,0,0,1,(G>-Z),2,1,0,0,0,0,0,0,0,0,2,1,0,0,0,0,0,0,0,0,5.-1.1.0,2,Try to derive R>Z working forward.,1,1,4.135999999999999,13.459,9,-1,0,1
cbwagner,125,13,13,0,0,0,1,(B*(S+L)),5,3,5,0,0,0,0,0,0,0,5,3,5,0,0,0,0,0,0,0,1.0.2.0,2,Try to derive S+L working forward.,1,1,5306.804,5366.92,12,0,0,0
cbwagner,403,10,84,0,0,0,1,(B*(S+L)),3,1,2,0,0,0,0,0,0,4,21,12,37,0,0,0,0,0,5,9,1.0.2.0,2,Try to derive S+L working forward.,1,1,40.807,62.164,12,0,9,0
cbwagner,396,1,90,0,0,0,1,(-U>-L),1,0,0,0,0,0,0,0,0,0,23,12,41,0,0,0,0,0,5,9,1.0.2.0,2,Try to derive -L working forward.,1,1,10.764,10.764,12,0,10,1
cbwagner,497,6,128,0,0,0,2,(B*(S+L)),2,1,1,0,0,0,0,2,0,0,36,20,53,0,0,0,1,4,5,9,1.0.2.0,2,Try to derive -L working forward.,1,1,2.301,11.565,12,0,12,1
jdmalatr,354,1,1,0,0,0,1,(-Z*-R),1,0,0,0,0,0,0,0,0,0,1,0,0,0,0,0,0,0,0,0,3.-1.1.0,2,Try to derive -Z working forward.,1,1,33.093,33.093,1,2,0,1
jdmalatr,398,20,20,0,0,0,7,get,6,2,6,0,0,2,4,0,0,0,6,2,6,0,0,2,4,0,0,0,3.-1.1.0,2,Try to derive -Z working forward.,0,1,1.0780000000000314,328.204,1,2,0,1
jdmalatr,405,27,27,0,0,0,7,get,7,2,7,0,1,2,8,0,0,0,7,2,7,0,1,2,8,0,0,0,3.-1.1.0,2,Try to derive -J working forward.,0,1,1.9639999999999986,407.377,1,2,0,1
jdmalatr,411,32,32,0,0,0,7,get,8,2,8,0,1,2,11,0,0,0,8,2,8,0,1,2,11,0,0,0,3.-1.1.0,2,Try to derive K working forward.,0,1,4.475999999999999,433.858,1,2,0,1
jdmalatr,417,37,37,0,0,0,7,get,9,2,9,0,1,2,14,0,0,0,9,2,9,0,1,2,14,0,0,0,3.-1.1.0,2,Try to derive (J+L)+K working forward.,0,1,2.0470000000000255,449.682,1,2,0,1
jdmalatr,1104,1,1,0,0,0,7,get,0,0,0,0,0,0,1,0,0,0,0,0,0,0,0,0,1,0,0,0,6.1.1.0,2,Try to derive -S>B working forward.,0,1,3.056,3.056,4,-1,0,1
jdmalatr,1108,4,4,0,0,0,7,get,1,0,1,0,0,0,2,0,0,0,1,0,1,0,0,0,2,0,0,0,6.1.1.0,2,Try to derive -B>--S working forward.,0,1,2.154,15.656,4,-1,0,1
jdmalatr,1114,10,10,0,0,0,1,(-B>--S),3,0,2,0,0,0,5,0,0,0,3,0,2,0,0,0,5,0,0,0,6.1.1.0,2,Try to derive -B>S working forward.,1,1,38.024,64.142,4,-1,0,1
jdmalatr,1117,13,13,0,0,0,7,get,3,0,3,0,1,0,6,0,0,0,3,0,3,0,1,0,6,0,0,0,6.1.1.0,2,Try to derive -D>-B working forward.,0,1,1.9029999999999916,73.517,4,-1,0,1
jdmalatr,1121,16,16,0,0,0,7,get,4,0,4,0,1,0,7,0,0,0,4,0,4,0,1,0,7,0,0,0,6.1.1.0,2,Try to derive -D>-S working forward.,0,1,4.617000000000004,110.432,4,-1,0,0
jdmalatr,591,1,2,0,0,0,7,get,0,0,0,0,0,0,1,0,0,0,0,0,0,0,0,0,1,0,0,1,4.-1.2.0,2,Try to derive D>F working forward.,0,1,2.984,2.984,5,10,1,1
jdmalatr,601,10,11,0,0,0,7,get,1,0,2,0,1,0,6,0,0,0,1,0,2,0,1,0,6,0,0,1,4.-1.2.0,2,Try to derive -G working forward.,0,1,1.556000000000001,31.077,5,10,1,1
jdmalatr,605,14,15,0,0,0,7,get,2,0,3,0,2,0,7,0,0,0,2,0,3,0,2,0,7,0,0,1,4.-1.2.0,2,Try to derive -B working forward.,0,1,3.505999999999993,40.785,5,10,1,1
jdmalatr,611,17,18,0,0,0,7,get,3,0,4,0,2,0,8,0,0,0,3,0,4,0,2,0,8,0,0,1,4.-1.2.0,2,Try to derive C>D working forward.,0,1,2.756999999999991,65.064,5,10,1,1
jdmalatr,904,1,1,0,0,0,7,get,0,0,0,0,0,0,1,0,0,0,0,0,0,0,0,0,1,0,0,0,5.-1.1.0,2,Try to derive R>Z working forward.,0,1,9.659,9.659,10,19,0,1
jdmalatr,914,9,9,0,0,0,7,get,1,0,2,0,1,0,5,0,0,0,1,0,2,0,1,0,5,0,0,0,5.-1.1.0,2,Try to derive --Z>-G working forward.,0,1,6.268999999999998,46.248,10,19,0,1
jdmalatr,920,15,15,0,0,0,7,get,2,0,3,0,1,0,9,0,0,0,2,0,3,0,1,0,9,0,0,0,5.-1.1.0,2,Try to derive Z>-G working forward.,0,1,4.323999999999998,63.211,10,19,0,1
jdmalatr,927,22,22,0,0,0,1,(R>Z),4,0,4,0,2,0,12,0,0,0,4,0,4,0,2,0,12,0,0,0,5.-1.1.0,2,Try to derive R>-G working forward.,1,1,131.05,207.82,10,19,0,1
jdmalatr,168,1,1,0,0,0,1,(-I*J),1,0,0,0,0,0,0,0,0,0,1,0,0,0,0,0,0,0,0,0,2.-1.1.0,2,Try to derive -I working forward.,1,1,34.02,34.02,11,7,0,1
jdmalatr,171,1,5,0,0,0,1,J,1,0,0,0,0,0,0,0,0,0,2,0,1,0,1,1,0,0,0,0,2.-1.1.0,2,Try to derive -I working forward.,1,1,62.853,62.853,11,7,1,1
jdmalatr,179,5,9,0,0,0,1,(I+F),3,0,1,0,1,0,0,0,0,0,4,0,2,0,2,1,0,0,0,0,2.-1.1.0,2,Try to derive F working forward.,1,1,30.739000000000004,110.555,11,7,1,1
jdmalatr,67,1,1,0,0,0,1,Z,1,0,0,0,0,0,0,0,0,0,1,0,0,0,0,0,0,0,0,0,1.0.3.0,2,Try to derive G+Z working forward.,1,1,29.419,29.419,12,0,0,1
jdmalatr,112,19,19,0,0,0,7,get,6,3,5,0,1,0,4,0,0,0,6,3,5,0,1,0,4,0,0,0,1.0.3.0,2,Try to derive -W working forward.,0,1,20.99000000000001,603.642,12,0,0,1
jdmalatr,124,31,31,0,0,0,7,get,9,3,7,0,2,0,10,0,0,0,9,3,7,0,2,0,10,0,0,0,1.0.3.0,2,Try to derive -R working forward.,0,1,7.440000000000055,706.993,12,0,0,1
jdmalatr,1198,3,3,0,0,0,3,Equiv,1,0,1,0,0,0,0,0,0,1,1,0,1,0,0,0,0,0,0,1,6.-1.3.0,2,Try to derive (Y>P)*(P>Y) working forward.,1,0,4.928000000000001,13.359,14,-1,0,1
jdmalatr,508,2,3,0,0,0,1,(Z*-W),1,0,0,0,0,0,0,1,0,0,1,0,0,0,0,0,0,2,0,0,4.1.2.0,2,Try to derive Z working forward.,1,1,21.8,28.341,16,10,1,1
jdmalatr,511,5,6,0,0,0,7,get,1,0,1,0,1,0,1,1,0,0,1,0,1,0,1,0,1,2,0,0,4.1.2.0,2,Try to derive -W working forward.,0,1,3.154,34.786,16,10,1,1
jdmalatr,515,9,10,0,0,0,7,get,2,0,2,0,2,0,2,1,0,0,2,0,2,0,2,0,2,2,0,0,4.1.2.0,2,Try to derive -Y>X working forward.,0,1,1.9919999999999973,46.297,16,10,1,1
jdmalatr,523,16,17,0,0,0,7,get,4,0,3,0,2,0,6,1,0,0,4,0,3,0,2,0,6,2,0,0,4.1.2.0,2,Try to derive T>S working forward.,0,1,9.36,81.581,16,10,1,1
jdmalatr,529,21,22,0,0,0,7,get,5,0,4,0,2,0,9,1,0,0,5,0,4,0,2,0,9,2,0,0,4.1.2.0,2,Try to derive (-Y>X)*(T>S) working forward.,0,1,6.379000000000005,111.266,16,10,1,1
jwschaff,735,1,1,0,0,0,1,(-R+Z),1,0,0,0,0,0,0,0,0,0,1,0,0,0,0,0,0,0,0,0,5.-1.1.0,2,Try to derive R>Z working forward.,1,1,17.722,17.722,7,16,0,1
jwschaff,891,1,1,0,0,0,1,J,1,0,0,0,0,0,0,0,0,0,1,0,0,0,0,0,0,0,0,0,6.-1.2.0,2,Try to derive H working forward.,1,1,11.172,11.172,10,21,0,1
jwschaff,899,7,7,0,0,0,3,Impl,4,1,2,0,0,0,0,0,0,0,4,1,2,0,0,0,0,0,0,0,6.-1.2.0,2,Try to derive H+F working forward.,1,1,1.189,31.16,10,21,0,0
jwschaff,976,2,46,0,0,0,2,(J>H),1,1,0,0,0,0,0,0,0,0,18,12,13,0,2,0,0,0,1,0,6.-1.2.0,2,Try to derive H working forward.,1,1,1.7669999999999995,10.641,10,21,1,1
jwschaff,994,17,61,0,0,0,1,H,10,6,1,0,0,0,0,0,0,0,27,17,14,0,2,0,0,0,1,0,6.-1.2.0,2,Try to derive H+F working forward.,1,1,9.231000000000002,48.604,10,21,1,1
jwschaff,1109,1,126,0,0,0,1,J,1,0,0,0,0,0,0,0,0,0,48,30,37,0,7,2,0,0,2,0,6.-1.2.0,2,Try to derive H working forward.,1,1,12.832,12.832,10,21,2,1
mcheiden,1241,4,4,0,0,0,3,Impl,1,0,2,0,1,0,0,0,0,0,1,0,2,0,1,0,0,0,0,0,5.-1.3.0,2,Try to derive -Y working forward.,1,0,3.088000000000001,23.954,7,0,0,1
mcheiden,1243,5,5,0,0,0,1,(-Y+F),2,0,2,0,1,0,0,0,0,0,2,0,2,0,1,0,0,0,0,0,5.-1.3.0,2,Try to derive -Y working forward.,1,1,10.348999999999997,34.303,7,0,0,1
mcheiden,595,1,1,0,0,0,1,(I+F),1,0,0,0,0,0,0,0,0,0,1,0,0,0,0,0,0,0,0,0,2.-1.1.0,2,Try to derive -I working forward.,1,1,18.579,18.579,8,2,0,1
mcheiden,617,15,15,0,0,0,3,MP,6,1,6,0,2,0,0,0,0,0,6,1,6,0,2,0,0,0,0,0,2.-1.1.0,2,Try to derive H working forward.,1,0,11.459000000000003,205.228,8,2,0,1
mcheiden,150,1,1,0,0,0,1,((G+Z)>-W),1,0,0,0,0,0,0,0,0,0,1,0,0,0,0,0,0,0,0,0,1.0.3.0,2,Try to derive G+Z working forward.,1,1,16.715,16.715,9,0,0,0
mcheiden,197,23,25,0,0,0,7,get,6,4,11,0,0,1,1,0,0,0,7,4,12,0,0,1,1,0,0,0,1.0.3.0,2,Try to derive G+Z working forward.,0,1,21.45399999999995,555.846,9,0,1,0
mcheiden,343,1,105,0,0,0,1,((G+Z)>-W),1,0,0,0,0,0,0,0,0,0,34,16,47,0,1,4,2,0,1,0,1.0.3.0,2,Try to derive G+Z working forward.,1,1,12.301,12.301,9,0,2,0
mcheiden,485,1,148,0,0,0,2,((G+Z)>-W),0,1,0,0,0,0,0,0,0,0,46,26,65,0,2,4,2,2,1,0,1.0.3.0,2,Try to derive G+Z working forward.,1,1,21.21,21.21,9,0,7,0
mcheiden,519,1,166,0,0,0,1,((G+Z)>-W),1,0,0,0,0,0,0,0,0,0,52,29,72,0,3,4,2,2,1,1,1.0.3.0,2,Try to derive G+Z working forward.,1,1,25.088,25.088,9,0,10,1
mcheiden,35,1,1,0,0,0,1,(-U>-L),1,0,0,0,0,0,0,0,0,0,1,0,0,0,0,0,0,0,0,0,1.0.2.0,2,Try to derive -L working forward.,1,1,30.686,30.686,10,0,0,1
mcheiden,850,1,1,0,0,0,1,(Z*-W),1,0,0,0,0,0,0,0,0,0,1,0,0,0,0,0,0,0,0,0,4.1.2.0,2,Try to derive Z working forward.,1,1,23.642,23.642,11,5,0,1
mcheiden,859,10,10,0,0,0,1,(W+(T>S)),5,0,3,0,2,0,0,0,0,0,5,0,3,0,2,0,0,0,0,0,4.1.2.0,2,Try to derive T>S working forward.,1,1,19.781,57.826,11,5,0,1
tjdeaton,960,7,7,0,0,0,3,Impl,4,1,2,0,0,0,0,0,0,0,4,1,2,0,0,0,0,0,0,0,5.1.1.0,2,Try to derive -D>B working forward.,1,0,1.6709999999999994,30.313,7,21,0,1
tjdeaton,977,15,15,0,0,0,7,get,7,3,3,0,0,1,1,0,0,0,7,3,3,0,0,1,1,0,0,0,5.1.1.0,2,Try to derive -D>B working forward.,0,1,2.288000000000011,86.629,7,21,0,1
tjdeaton,982,20,20,0,0,0,7,get,8,3,4,0,0,1,4,0,0,0,8,3,4,0,0,1,4,0,0,0,5.1.1.0,2,Try to derive --B>-A working forward.,0,1,3.6239999999999952,101.163,7,21,0,1
tjdeaton,990,27,27,0,0,0,7,get,10,3,6,0,0,1,7,0,0,0,10,3,6,0,0,1,7,0,0,0,5.1.1.0,2,Try to derive B>-A working forward.,0,1,3.63600000000001,119.334,7,21,0,1
tjdeaton,998,34,34,0,0,0,7,get,10,3,8,0,1,1,11,0,0,0,10,3,8,0,1,1,11,0,0,0,5.1.1.0,2,Try to derive -D>-A working forward.,0,1,1.016999999999996,139.237,7,21,0,1
tjdeaton,119,1,1,0,0,0,1,(I+F),1,0,0,0,0,0,0,0,0,0,1,0,0,0,0,0,0,0,0,0,2.-1.1.0,2,Try to derive -I working forward.,1,1,32.951,32.951,8,7,0,1
tjdeaton,138,14,14,0,0,0,7,get,5,1,5,0,1,0,2,0,0,0,5,1,5,0,1,0,2,0,0,0,2.-1.1.0,2,Try to derive F+G working forward.,0,1,5.010999999999996,105.005,8,7,0,1
tjdeaton,1344,1,1,0,0,0,7,get,0,0,0,0,0,0,1,0,0,0,0,0,0,0,0,0,1,0,0,0,6.-1.2.0,2,Try to derive H working forward.,0,1,2.642,2.642,11,29,0,1
tjdeaton,1350,6,6,0,0,0,7,get,2,0,1,0,0,0,3,0,0,0,2,0,1,0,0,0,3,0,0,0,6.-1.2.0,2,Try to derive H+F working forward.,0,1,2.0749999999999993,21.203,11,29,0,1
tjdeaton,1357,13,13,0,0,0,7,get,3,0,2,0,1,0,7,0,0,0,3,0,2,0,1,0,7,0,0,0,6.-1.2.0,2,Try to derive --H+F working forward.,0,1,1.3359999999999985,33.756,11,29,0,1
tjdeaton,1361,17,17,0,0,0,7,get,4,0,3,0,2,0,8,0,0,0,4,0,3,0,2,0,8,0,0,0,6.-1.2.0,2,Try to derive --H+--F working forward.,0,1,1.0790000000000006,43.588,11,29,0,1
tjdeaton,1365,21,21,0,0,0,7,get,5,0,4,0,3,0,9,0,0,0,5,0,4,0,3,0,9,0,0,0,6.-1.2.0,2,Try to derive -(-H*-F) working forward.,0,1,1.0500000000000043,52.207,11,29,0,0
tjdeaton,33,13,13,0,0,0,7,get,2,1,4,0,1,0,5,0,0,0,2,1,4,0,1,0,5,0,0,0,1.0.1.0,2,Try to derive A working forward.,0,1,1.929000000000002,147.004,14,0,0,1
tjdeaton,43,20,20,0,0,0,7,get,3,1,7,0,1,0,8,0,0,0,3,1,7,0,1,0,8,0,0,0,1.0.1.0,2,Try to derive B*C working forward.,0,1,7.4550000000000125,176.239,14,0,0,1
tjdeaton,51,27,27,0,0,0,7,get,5,1,9,0,1,0,11,0,0,0,5,1,9,0,1,0,11,0,0,0,1.0.1.0,2,Try to derive B working forward.,0,1,2.8640000000000043,200.285,14,0,0,1
jkayani,94,1,1,0,0,0,1,((-T*S)>-R),1,0,0,0,0,0,0,0,0,0,1,0,0,0,0,0,0,0,0,0,2.1.1.0,2,Try to derive -Q working forward.,1,1,42.729,42.729,1,4,0,1
jkayani,114,13,13,0,0,0,3,MP,5,3,5,0,0,0,0,0,0,0,5,3,5,0,0,0,0,0,0,0,2.1.1.0,2,Try to derive -Q+P working forward.,1,1,24.537000000000035,277.249,1,4,0,0
jkayani,219,4,63,0,0,0,3,Conj,2,0,2,0,0,0,0,0,0,0,20,10,29,0,3,0,0,0,1,0,2.1.1.0,2,Try to derive -Q+P working forward.,1,1,10.673000000000002,44.706,1,4,1,1
jkayani,666,1,1,0,0,0,1,(B>D),1,0,0,0,0,0,0,0,0,0,1,0,0,0,0,0,0,0,0,0,6.1.1.0,2,Try to derive -S>B working forward.,1,1,16.045,16.045,2,-1,0,0
jkayani,669,4,4,0,0,0,1,(-B+D),3,0,1,0,0,0,0,0,0,0,3,0,1,0,0,0,0,0,0,0,6.1.1.0,2,Try to derive --S+B working forward.,1,1,9.081,33.96,2,-1,0,0
jkayani,719,4,40,0,0,0,2,(B>D),2,2,0,0,0,0,0,0,0,0,19,6,8,0,2,4,0,0,1,0,6.1.1.0,2,Try to derive -S>B working forward.,1,1,8.588999999999999,15.392,2,-1,1,1
jkayani,554,1,1,0,0,0,1,((A>-B)+C),1,0,0,0,0,0,0,0,0,0,1,0,0,0,0,0,0,0,0,0,5.1.1.0,2,Try to derive A>-B working forward.,1,1,12.991,12.991,3,6,0,1
jkayani,562,7,7,0,0,0,3,Impl,3,0,4,0,0,0,0,0,0,0,3,0,4,0,0,0,0,0,0,0,5.1.1.0,2,Try to derive -D>B working forward.,1,0,25.680000000000003,56.642,3,6,0,1
jkayani,563,8,8,0,0,0,1,(-A+-B),4,0,4,0,0,0,0,0,0,0,4,0,4,0,0,0,0,0,0,0,5.1.1.0,2,Try to derive -B+-A working forward.,1,1,10.692,67.334,3,6,0,1
jkayani,10,4,5,0,0,0,1,(A+D),2,0,1,0,1,0,0,0,0,0,2,0,2,0,1,0,0,0,0,0,1.0.1.0,2,Try to derive A working forward.,1,1,115.161,312.928,6,0,1,1
jkayani,41,14,15,0,0,0,1,(A>(B*C)),6,3,4,0,1,0,0,0,0,0,6,3,5,0,1,0,0,0,0,0,1.0.1.0,2,Try to derive B*C working forward.,1,1,43.101,472.118,6,0,1,1
jkayani,55,3,3,0,0,0,1,(B*(S+L)),2,0,1,0,0,0,0,0,0,0,2,0,1,0,0,0,0,0,0,0,1.0.2.0,2,Try to derive S+L working forward.,1,1,32.301,51.893,7,0,0,1
lhmenden,1075,1,1,0,0,0,1,(S>G),1,0,0,0,0,0,0,0,0,0,1,0,0,0,0,0,0,0,0,0,6.1.1.0,2,Try to derive -S>B working forward.,1,1,32.268,32.268,2,9,0,0
lhmenden,162,1,1,0,0,0,1,(-I*J),1,0,0,0,0,0,0,0,0,0,1,0,0,0,0,0,0,0,0,0,2.-1.1.0,2,Try to derive -I working forward.,1,1,15.165,15.165,6,7,0,1
lhmenden,41,1,1,0,0,0,1,((G+Z)>-W),1,0,0,0,0,0,0,0,0,0,1,0,0,0,0,0,0,0,0,0,1.0.3.0,2,Try to derive G+Z working forward.,1,1,16.106,16.106,9,0,0,1
lhmenden,58,9,13,0,0,0,2,Z,3,4,1,0,1,0,0,0,0,0,6,4,2,0,1,0,0,0,0,0,1.0.3.0,2,Try to derive G+Z working forward.,1,1,3.446000000000005,65.775,9,0,1,1
lhmenden,131,57,61,0,0,0,3,DS,21,19,12,0,2,0,3,0,0,0,24,19,13,0,2,0,3,0,0,0,1.0.3.0,2,Try to derive -R working forward.,1,0,16.197000000000003,804.527,9,0,1,1
lhmenden,531,1,1,0,0,0,1,(Z*-W),1,0,0,0,0,0,0,0,0,0,1,0,0,0,0,0,0,0,0,0,4.1.2.0,2,Try to derive Z working forward.,1,1,24.678,24.678,12,1,0,1
lhmenden,552,13,13,0,0,0,1,(-Y>X),6,0,5,0,2,0,0,0,0,0,6,0,5,0,2,0,0,0,0,0,4.1.2.0,2,Try to derive (-Y>X)*(T>S) working forward.,1,1,47.647000000000006,112.887,12,1,0,0
rbwest,283,1,1,0,0,0,1,(K+J),1,0,0,0,0,0,0,0,0,0,1,0,0,0,0,0,0,0,0,0,3.-1.1.0,2,Try to derive -Z working forward.,1,1,28.482,28.482,1,2,0,1
rbwest,292,8,8,0,0,0,1,(K+J),4,1,2,0,1,0,0,0,0,0,4,1,2,0,1,0,0,0,0,0,3.-1.1.0,2,Try to derive K working forward.,1,1,21.695,82.547,1,2,0,1
rbwest,297,12,12,0,0,0,3,Add,5,1,5,0,1,0,0,0,0,0,5,1,5,0,1,0,0,0,0,0,3.-1.1.0,2,Try to derive (J+L)+K working forward.,1,1,8.862000000000009,103.346,1,2,0,1
rbwest,1082,1,1,0,0,0,1,-C,1,0,0,0,0,0,0,0,0,0,1,0,0,0,0,0,0,0,0,0,5.1.1.0,2,Try to derive A>-B working forward.,1,1,34.677,34.677,9,6,0,1
rbwest,1085,4,4,0,0,0,1,(D+B),3,0,1,0,0,0,0,0,0,0,3,0,1,0,0,0,0,0,0,0,5.1.1.0,2,Try to derive -D>B working forward.,1,1,21.622,59.789,9,6,0,1
rbwest,166,1,1,0,0,0,1,((W+-R)*N),1,0,0,0,0,0,0,0,0,0,1,0,0,0,0,0,0,0,0,0,1.0.3.0,2,Try to derive G+Z working forward.,1,1,14.104,14.104,11,0,0,1
rbwest,179,13,13,0,0,0,3,Simp,6,2,4,0,1,0,0,0,0,0,6,2,4,0,1,0,0,0,0,0,1.0.3.0,2,Try to derive W+-R working forward.,1,1,9.248000000000005,80.936,11,0,0,1
rbwest,1276,3,3,0,0,0,3,MP,2,0,1,0,0,0,0,0,0,0,2,0,1,0,0,0,0,0,0,0,6.-1.2.0,2,Try to derive H working forward.,1,0,12.32,19.645,13,29,0,1
rbwest,1278,5,5,0,0,0,3,Add,3,0,2,0,0,0,0,0,0,0,3,0,2,0,0,0,0,0,0,0,6.-1.2.0,2,Try to derive H+F working forward.,1,1,15.282,37.07,13,29,0,1
rbwest,1286,12,12,0,0,0,2,(-W>(-H*-F)),6,2,3,0,1,0,0,0,0,0,6,2,3,0,1,0,0,0,0,0,6.-1.2.0,2,Try to derive --H+F working forward.,1,1,46.64,110.384,13,29,0,1
rbwest,1293,19,19,0,0,0,3,DeM,8,2,6,0,3,0,0,0,0,0,8,2,6,0,3,0,0,0,0,0,6.-1.2.0,2,Try to derive -(-H*-F) working forward.,1,0,11.466999999999985,147.196,13,29,0,0
rbwest,13,1,1,0,0,0,1,(B*(S+L)),1,0,0,0,0,0,0,0,0,0,1,0,0,0,0,0,0,0,0,0,1.0.2.0,2,Try to derive -L working forward.,1,1,1693.98,1693.98,14,0,0,1
rbwest,21,8,8,0,0,0,1,(B*(S+L)),5,2,1,0,0,0,0,0,0,0,5,2,1,0,0,0,0,0,0,0,1.0.2.0,2,Try to derive S+L working forward.,1,1,50.11999999999989,1774.61,14,0,0,1
rbwest,30,15,15,0,0,0,1,auto,8,3,3,0,1,0,0,0,0,0,8,3,3,0,1,0,0,0,0,0,1.0.2.0,2,Try to derive S+L working forward.,1,1,20.74000000000001,1823.2,14,0,0,1
smonser,3,1,1,0,0,0,7,get,0,0,0,0,0,0,1,0,0,0,0,0,0,0,0,0,1,0,0,0,1.0.1.0,2,Try to derive -D working forward.,0,1,2.508,2.508,0,0,0,1
smonser,124,10,45,0,0,0,7,get,1,0,2,0,1,0,3,0,0,3,8,6,6,0,1,0,11,0,0,13,1.0.1.0,2,Try to derive A working forward.,0,1,1.9949999999999761,185.7,0,0,7,1
smonser,136,16,51,0,0,0,7,get,2,0,3,0,1,0,7,0,0,3,9,6,7,0,1,0,15,0,0,13,1.0.1.0,2,Try to derive B*C working forward.,0,1,2.7450000000000045,208.886,0,0,7,1
smonser,146,23,58,0,0,0,7,get,4,0,4,0,1,0,11,0,0,3,11,6,8,0,1,0,19,0,0,13,1.0.1.0,2,Try to derive B working forward.,0,1,2.4410000000000025,232.897,0,0,7,1
smcalli,34,1,1,1,0,0,10,,0,0,0,0,0,0,0,0,0,1,0,0,0,0,0,0,0,0,0,1,1.0.3.0,2,Try to derive -D working forward.,1,1,12.129,12.129,0,0,0,0
smcalli,3,1,1,0,0,0,1,(A>(B*C)),1,0,0,0,0,0,0,0,0,0,1,0,0,0,0,0,0,0,0,0,1.0.1.0,2,Try to derive -D working forward.,1,1,46.02,46.02,0,0,0,0
esworthy,353,2,3,0,0,0,3,MP,1,0,1,0,0,0,0,0,0,0,1,0,1,0,0,0,0,0,0,1,3.-1.3.1,2,Try to derive I>D working forward.,1,0,3.152000000000001,13.393,5,6,1,0
esworthy,354,3,4,0,0,0,1,((S>D)+I),2,0,1,0,0,0,0,0,0,0,2,0,1,0,0,0,0,0,0,1,3.-1.3.1,2,Try to derive S>D working forward.,1,1,40.900999999999996,54.294,5,6,1,1
esworthy,364,8,9,0,0,0,2,((-S+Q)>Y),4,1,3,0,0,0,0,0,0,0,4,1,3,0,0,0,0,0,0,1,3.-1.3.1,2,Try to derive -S+D working forward.,1,1,59.647000000000006,134.893,5,6,1,0
esworthy,650,3,4,0,0,0,1,(Y>F),1,0,1,0,1,0,0,0,0,0,1,0,1,0,1,0,0,0,0,1,5.-1.3.0,2,Try to derive -Y working forward.,1,1,21.741,32.433,7,0,1,1
esworthy,134,1,1,0,0,0,1,(-I*J),1,0,0,0,0,0,0,0,0,0,1,0,0,0,0,0,0,0,0,0,2.-1.1.0,2,Try to derive -I working forward.,1,1,17.519,17.519,9,7,0,1
esworthy,146,10,10,0,0,0,3,Add,4,1,4,0,1,0,0,0,0,0,4,1,4,0,1,0,0,0,0,0,2.-1.1.0,2,Try to derive F+G working forward.,1,1,2.817,53.577,9,7,0,1
esworthy,89,33,33,0,0,0,1,((W+-R)*N),11,7,10,0,1,0,4,0,0,0,11,7,10,0,1,0,4,0,0,0,1.0.3.0,2,Try to derive W+-R working forward.,1,1,46.54200000000003,925.568,10,0,0,1
esworthy,101,41,41,0,0,0,2,(W+-R),13,9,12,0,2,0,5,0,0,0,13,9,12,0,2,0,5,0,0,0,1.0.3.0,2,Try to derive -R working forward.,1,1,14.539999999999964,1061.47,10,0,0,1
wdhall3,135,17,17,0,0,0,1,S,6,3,4,0,1,0,3,0,0,0,6,3,4,0,1,0,3,0,0,0,2.1.1.0,2,Try to derive -T*S working forward.,1,1,12.413999999999987,390.585,1,4,0,1
wdhall3,186,52,52,0,0,0,7,get,16,9,10,0,3,1,13,0,0,0,16,9,10,0,3,1,13,0,0,0,2.1.1.0,2,Try to derive S*-T working forward.,0,1,11.774999999999977,626.856,1,4,0,0
wdhall3,518,1,1,0,0,0,1,-C,1,0,0,0,0,0,0,0,0,0,1,0,0,0,0,0,0,0,0,0,5.1.1.0,2,Try to derive A>-B working forward.,1,1,111.396,111.396,5,6,0,1
wdhall3,525,7,7,0,0,0,3,Impl,4,1,2,0,0,0,0,0,0,0,4,1,2,0,0,0,0,0,0,0,5.1.1.0,2,Try to derive -D>B working forward.,1,0,3.0979999999999848,143.879,5,6,0,1
wdhall3,540,20,20,0,0,0,3,HS,10,1,7,0,1,1,0,0,0,0,10,1,7,0,1,1,0,0,0,0,5.1.1.0,2,Try to derive -D>-A working forward.,1,0,1.4710000000000036,254.924,5,6,0,1
wdhall3,56,8,8,0,0,0,2,Z,4,2,1,0,1,0,0,0,0,0,4,2,1,0,1,0,0,0,0,0,1.0.3.0,2,Try to derive G+Z working forward.,1,1,18.076000000000008,98.53,7,0,0,1
wdhall3,80,26,26,0,0,0,3,MP,8,4,8,0,2,0,4,0,0,0,8,4,8,0,2,0,4,0,0,0,1.0.3.0,2,Try to derive -W working forward.,1,0,12.609000000000037,298.922,7,0,0,1
wdhall3,639,2,2,0,0,0,3,Impl,1,0,1,0,0,0,0,0,0,0,1,0,1,0,0,0,0,0,0,0,6.-1.2.0,2,Try to derive H working forward.,1,1,4.680000000000001,10.474,9,29,0,1
wdhall3,825,7,91,0,0,0,1,H,4,1,1,0,0,0,0,0,1,0,35,22,27,0,2,1,2,0,2,0,6.-1.2.0,2,Try to derive H+F working forward.,1,1,26.021000000000015,164.52,9,29,1,0
wdhall3,916,1,1,0,0,0,1,(-Y>-C),1,0,0,0,0,0,0,0,0,0,1,0,0,0,0,0,0,0,0,0,6.-1.3.0,2,Try to derive (Y>P)*(P>Y) working forward.,1,1,29.431,29.431,11,29,0,1
wdhall3,997,2,2,0,0,0,1,(C=-J),1,0,0,0,0,0,0,0,0,1,1,0,0,0,0,0,0,0,0,1,6.-1.3.1,2,Try to derive (C>-J)*(-J>C) working forward.,1,1,16.506999999999998,19.386,11,0,0,1
wbotuel,1055,1,1,0,0,0,7,get,0,0,0,0,0,0,1,0,0,0,0,0,0,0,0,0,1,0,0,0,5.1.1.0,2,Try to derive A>-B working forward.,0,1,3.52,3.52,6,6,0,1
wbotuel,1063,8,8,0,0,0,7,get,2,0,1,0,0,0,5,0,0,0,2,0,1,0,0,0,5,0,0,0,5.1.1.0,2,Try to derive -D>B working forward.,0,1,1.4480000000000004,18.223,6,6,0,1
wbotuel,1069,14,14,0,0,0,7,get,3,0,2,0,0,0,9,0,0,0,3,0,2,0,0,0,9,0,0,0,5.1.1.0,2,Try to derive --B>-A working forward.,0,1,1.7750000000000021,27.922,6,6,0,1
wbotuel,1076,21,21,0,0,0,7,get,5,0,3,0,0,0,13,0,0,0,5,0,3,0,0,0,13,0,0,0,5.1.1.0,2,Try to derive B>-A working forward.,0,1,6.311,43.407,6,6,0,1
wbotuel,1084,27,27,0,0,0,7,get,5,0,5,0,1,0,16,0,0,0,5,0,5,0,1,0,16,0,0,0,5.1.1.0,2,Try to derive -D>-A working forward.,0,1,1.5520000000000067,71.876,6,6,0,1
wbotuel,22,15,15,0,0,0,7,get,3,2,3,0,1,0,6,0,0,0,3,2,3,0,1,0,6,0,0,0,1.0.1.0,2,Try to derive A working forward.,0,1,6.8870000000000005,119.047,10,0,0,1
wbotuel,31,20,20,0,0,0,7,get,5,2,4,0,1,1,7,0,0,0,5,2,4,0,1,1,7,0,0,0,1.0.1.0,2,Try to derive A working forward.,0,1,9.906000000000006,171.013,10,0,0,1
wbotuel,44,28,28,0,0,0,7,get,7,3,5,0,1,1,11,0,0,0,7,3,5,0,1,1,11,0,0,0,1.0.1.0,2,Try to derive B*C working forward.,0,1,5.177999999999997,207.464,10,0,0,1
wbotuel,62,33,33,0,0,0,7,get,9,3,6,0,1,1,13,0,0,0,9,3,6,0,1,1,13,0,0,0,1.0.1.0,2,Try to derive B working forward.,0,1,2.783999999999992,275.795,10,0,0,1
wbotuel,72,1,1,0,0,0,7,get,0,0,0,0,0,0,1,0,0,0,0,0,0,0,0,0,1,0,0,0,1.0.2.0,2,Try to derive -L working forward.,0,1,3.302,3.302,11,0,0,1
wbotuel,86,8,8,0,0,0,7,get,2,1,1,0,0,0,4,0,0,0,2,1,1,0,0,0,4,0,0,0,1.0.2.0,2,Try to derive S+L working forward.,0,1,3.448999999999998,47.14,11,0,0,1
wbotuel,93,13,13,0,0,0,7,get,3,1,3,0,1,0,5,0,0,0,3,1,3,0,1,0,5,0,0,0,1.0.2.0,2,Try to derive S working forward.,0,1,3.4410000000000025,94.399,11,0,0,1
wbotuel,1187,1,1,0,0,0,7,get,0,0,0,0,0,0,1,0,0,0,0,0,0,0,0,0,1,0,0,0,6.-1.3.0,2,Try to derive (Y>P)*(P>Y) working forward.,0,1,3.059,3.059,12,3,0,1
